In file included from src/core/main.c:33:
wdsp/wdsp.h:12:19: warning: a function declaration without a prototype is deprecated in all versions of C [-Wstrict-prototypes]
   12 | int GetWDSPVersion();
      |                   ^
      |                    void
wdsp/wdsp.h:367:24: warning: a function declaration without a prototype is deprecated in all versions of C [-Wstrict-prototypes]
  367 | char *wisdom_get_status();
      |                        ^
      |                         void
In file included from src/core/main.c:42:
src/ui/css.h:1:21: warning: a function declaration without a prototype is deprecated in all versions of C [-Wstrict-prototypes]
    1 | extern void load_css();
      |                     ^
      |                      void
In file included from src/core/main.c:43:
src/proto/discovery.h:22:22: warning: a function declaration without a prototype is deprecated in all versions of C [-Wstrict-prototypes]
   22 | extern void discovery();
      |                      ^
      |                       void
In file included from src/core/main.c:52:
In file included from src/core/radio.h:34:
src/core/band.h:107:28: warning: a function declaration without a prototype is deprecated in all versions of C [-Wstrict-prototypes]
  107 | extern int band_get_current();
      |                            ^
      |                             void
src/core/band.h:108:35: warning: a function declaration without a prototype is deprecated in all versions of C [-Wstrict-prototypes]
  108 | extern BAND *band_get_current_band();
      |                                   ^
      |                                    void
src/core/band.h:116:45: warning: a function declaration without a prototype is deprecated in all versions of C [-Wstrict-prototypes]
  116 | extern BANDSTACK_ENTRY *bandstack_entry_next();
      |                                             ^
      |                                              void
src/core/band.h:117:49: warning: a function declaration without a prototype is deprecated in all versions of C [-Wstrict-prototypes]
  117 | extern BANDSTACK_ENTRY *bandstack_entry_previous();
      |                                                 ^
      |                                                  void
src/core/band.h:118:52: warning: a function declaration without a prototype is deprecated in all versions of C [-Wstrict-prototypes]
  118 | extern BANDSTACK_ENTRY *bandstack_entry_get_current();
      |                                                    ^
      |                                                     void
src/core/band.h:120:26: warning: a function declaration without a prototype is deprecated in all versions of C [-Wstrict-prototypes]
  120 | extern void bandSaveState();
      |                          ^
      |                           void
src/core/band.h:121:29: warning: a function declaration without a prototype is deprecated in all versions of C [-Wstrict-prototypes]
  121 | extern void bandRestoreState();
      |                             ^
      |                              void
In file included from src/core/main.c:54:
src/audio/audio.h:58:28: warning: a function declaration without a prototype is deprecated in all versions of C [-Wstrict-prototypes]
   58 | extern void audio_get_cards();
      |                            ^
      |                             void
In file included from src/core/main.c:55:
src/proto/protocol1.h:23:27: warning: a function declaration without a prototype is deprecated in all versions of C [-Wstrict-prototypes]
   23 | extern void protocol1_stop();
      |                           ^
      |                            void
src/proto/protocol1.h:24:26: warning: a function declaration without a prototype is deprecated in all versions of C [-Wstrict-prototypes]
   24 | extern void protocol1_run();
      |                          ^
      |                           void
src/proto/protocol1.h:25:32: warning: a function declaration without a prototype is deprecated in all versions of C [-Wstrict-prototypes]
   25 | extern void protocol1_reconnect();
      |                                ^
      |                                 void
src/proto/protocol1.h:34:37: warning: a function declaration without a prototype is deprecated in all versions of C [-Wstrict-prototypes]
   34 | extern gboolean protocol1_is_running();
      |                                     ^
      |                                      void
In file included from src/core/main.c:56:
src/proto/protocol2.h:60:27: warning: a function declaration without a prototype is deprecated in all versions of C [-Wstrict-prototypes]
   60 | extern void protocol2_stop();
      |                           ^
      |                            void
src/proto/protocol2.h:61:26: warning: a function declaration without a prototype is deprecated in all versions of C [-Wstrict-prototypes]
   61 | extern void protocol2_run();
      |                          ^
      |                           void
src/proto/protocol2.h:62:32: warning: a function declaration without a prototype is deprecated in all versions of C [-Wstrict-prototypes]
   62 | extern void protocol2_reconnect();
      |                                ^
      |                                 void
src/proto/protocol2.h:65:36: warning: a function declaration without a prototype is deprecated in all versions of C [-Wstrict-prototypes]
   65 | extern void protocol2_high_priority();
      |                                    ^
      |                                     void
src/proto/protocol2.h:66:30: warning: a function declaration without a prototype is deprecated in all versions of C [-Wstrict-prototypes]
   66 | extern void protocol2_general();
      |                              ^
      |                               void
src/proto/protocol2.h:67:39: warning: a function declaration without a prototype is deprecated in all versions of C [-Wstrict-prototypes]
   67 | extern void protocol2_receive_specific();
      |                                       ^
      |                                        void
src/proto/protocol2.h:70:36: warning: a function declaration without a prototype is deprecated in all versions of C [-Wstrict-prototypes]
   70 | extern void protocol2_stop_wideband();
      |                                    ^
      |                                     void
src/proto/protocol2.h:72:33: warning: a function declaration without a prototype is deprecated in all versions of C [-Wstrict-prototypes]
   72 | extern void filter_board_changed();
      |                                 ^
      |                                  void
src/proto/protocol2.h:73:23: warning: a function declaration without a prototype is deprecated in all versions of C [-Wstrict-prototypes]
   73 | extern void pa_changed();
      |                       ^
      |                        void
src/proto/protocol2.h:74:26: warning: a function declaration without a prototype is deprecated in all versions of C [-Wstrict-prototypes]
   74 | extern void tuner_changed();
      |                          ^
      |                           void
src/proto/protocol2.h:75:23: warning: a function declaration without a prototype is deprecated in all versions of C [-Wstrict-prototypes]
   75 | extern void cw_changed();
      |                       ^
      |                        void
src/proto/protocol2.h:78:18: warning: a function declaration without a prototype is deprecated in all versions of C [-Wstrict-prototypes]
   78 | extern int getMox();
      |                  ^
      |                   void
src/proto/protocol2.h:80:19: warning: a function declaration without a prototype is deprecated in all versions of C [-Wstrict-prototypes]
   80 | extern int getTune();
      |                   ^
      |                    void
src/proto/protocol2.h:85:37: warning: a function declaration without a prototype is deprecated in all versions of C [-Wstrict-prototypes]
   85 | extern gboolean protocol2_is_running();
      |                                     ^
      |                                      void
In file included from src/core/main.c:58:
src/proto/soapy_protocol.h:25:33: warning: a function declaration without a prototype is deprecated in all versions of C [-Wstrict-prototypes]
   25 | SoapySDRDevice *get_soapy_device();
      |                                 ^
      |                                  void
src/proto/soapy_protocol.h:31:25: warning: a function declaration without a prototype is deprecated in all versions of C [-Wstrict-prototypes]
   31 | void soapy_protocol_stop();
      |                         ^
      |                          void
src/proto/soapy_protocol.h:44:29: warning: a function declaration without a prototype is deprecated in all versions of C [-Wstrict-prototypes]
   44 | void soapy_protocol_rx_pause();
      |                             ^
      |                              void
src/proto/soapy_protocol.h:45:30: warning: a function declaration without a prototype is deprecated in all versions of C [-Wstrict-prototypes]
   45 | void soapy_protocol_rx_resume();
      |                              ^
      |                               void
src/proto/soapy_protocol.h:56:35: warning: a function declaration without a prototype is deprecated in all versions of C [-Wstrict-prototypes]
   56 | gboolean soapy_protocol_is_running();
      |                                   ^
      |                                    void
In file included from src/core/main.c:61:
src/proto/rigctl.h:10:27: warning: a function declaration without a prototype is deprecated in all versions of C [-Wstrict-prototypes]
   10 | extern int   rigctlGetMode();
      |                           ^
      |                            void
src/proto/rigctl.h:12:30: warning: a function declaration without a prototype is deprecated in all versions of C [-Wstrict-prototypes]
   12 | extern char * rigctlGetFilter();
      |                              ^
      |                               void
37 warnings generated.
In file included from src/ui/css.c:6:
src/ui/css.h:1:21: warning: a function declaration without a prototype is deprecated in all versions of C [-Wstrict-prototypes]
    1 | extern void load_css();
      |                     ^
      |                      void
src/ui/css.c:1071:14: warning: a function declaration without a prototype is deprecated in all versions of C [-Wstrict-prototypes]
 1071 | void load_css() {
      |              ^
      |               void
2 warnings generated.
In file included from src/audio/audio.c:65:
In file included from src/core/radio.h:34:
src/core/band.h:107:28: warning: a function declaration without a prototype is deprecated in all versions of C [-Wstrict-prototypes]
  107 | extern int band_get_current();
      |                            ^
      |                             void
src/core/band.h:108:35: warning: a function declaration without a prototype is deprecated in all versions of C [-Wstrict-prototypes]
  108 | extern BAND *band_get_current_band();
      |                                   ^
      |                                    void
src/core/band.h:116:45: warning: a function declaration without a prototype is deprecated in all versions of C [-Wstrict-prototypes]
  116 | extern BANDSTACK_ENTRY *bandstack_entry_next();
      |                                             ^
      |                                              void
src/core/band.h:117:49: warning: a function declaration without a prototype is deprecated in all versions of C [-Wstrict-prototypes]
  117 | extern BANDSTACK_ENTRY *bandstack_entry_previous();
      |                                                 ^
      |                                                  void
src/core/band.h:118:52: warning: a function declaration without a prototype is deprecated in all versions of C [-Wstrict-prototypes]
  118 | extern BANDSTACK_ENTRY *bandstack_entry_get_current();
      |                                                    ^
      |                                                     void
src/core/band.h:120:26: warning: a function declaration without a prototype is deprecated in all versions of C [-Wstrict-prototypes]
  120 | extern void bandSaveState();
      |                          ^
      |                           void
src/core/band.h:121:29: warning: a function declaration without a prototype is deprecated in all versions of C [-Wstrict-prototypes]
  121 | extern void bandRestoreState();
      |                             ^
      |                              void
In file included from src/audio/audio.c:67:
src/proto/protocol1.h:23:27: warning: a function declaration without a prototype is deprecated in all versions of C [-Wstrict-prototypes]
   23 | extern void protocol1_stop();
      |                           ^
      |                            void
src/proto/protocol1.h:24:26: warning: a function declaration without a prototype is deprecated in all versions of C [-Wstrict-prototypes]
   24 | extern void protocol1_run();
      |                          ^
      |                           void
src/proto/protocol1.h:25:32: warning: a function declaration without a prototype is deprecated in all versions of C [-Wstrict-prototypes]
   25 | extern void protocol1_reconnect();
      |                                ^
      |                                 void
src/proto/protocol1.h:34:37: warning: a function declaration without a prototype is deprecated in all versions of C [-Wstrict-prototypes]
   34 | extern gboolean protocol1_is_running();
      |                                     ^
      |                                      void
In file included from src/audio/audio.c:68:
src/proto/protocol2.h:60:27: warning: a function declaration without a prototype is deprecated in all versions of C [-Wstrict-prototypes]
   60 | extern void protocol2_stop();
      |                           ^
      |                            void
src/proto/protocol2.h:61:26: warning: a function declaration without a prototype is deprecated in all versions of C [-Wstrict-prototypes]
   61 | extern void protocol2_run();
      |                          ^
      |                           void
src/proto/protocol2.h:62:32: warning: a function declaration without a prototype is deprecated in all versions of C [-Wstrict-prototypes]
   62 | extern void protocol2_reconnect();
      |                                ^
      |                                 void
src/proto/protocol2.h:65:36: warning: a function declaration without a prototype is deprecated in all versions of C [-Wstrict-prototypes]
   65 | extern void protocol2_high_priority();
      |                                    ^
      |                                     void
src/proto/protocol2.h:66:30: warning: a function declaration without a prototype is deprecated in all versions of C [-Wstrict-prototypes]
   66 | extern void protocol2_general();
      |                              ^
      |                               void
src/proto/protocol2.h:67:39: warning: a function declaration without a prototype is deprecated in all versions of C [-Wstrict-prototypes]
   67 | extern void protocol2_receive_specific();
      |                                       ^
      |                                        void
src/proto/protocol2.h:70:36: warning: a function declaration without a prototype is deprecated in all versions of C [-Wstrict-prototypes]
   70 | extern void protocol2_stop_wideband();
      |                                    ^
      |                                     void
src/proto/protocol2.h:72:33: warning: a function declaration without a prototype is deprecated in all versions of C [-Wstrict-prototypes]
   72 | extern void filter_board_changed();
      |                                 ^
      |                                  void
src/proto/protocol2.h:73:23: warning: a function declaration without a prototype is deprecated in all versions of C [-Wstrict-prototypes]
   73 | extern void pa_changed();
      |                       ^
      |                        void
src/proto/protocol2.h:74:26: warning: a function declaration without a prototype is deprecated in all versions of C [-Wstrict-prototypes]
   74 | extern void tuner_changed();
      |                          ^
      |                           void
src/proto/protocol2.h:75:23: warning: a function declaration without a prototype is deprecated in all versions of C [-Wstrict-prototypes]
   75 | extern void cw_changed();
      |                       ^
      |                        void
src/proto/protocol2.h:78:18: warning: a function declaration without a prototype is deprecated in all versions of C [-Wstrict-prototypes]
   78 | extern int getMox();
      |                  ^
      |                   void
src/proto/protocol2.h:80:19: warning: a function declaration without a prototype is deprecated in all versions of C [-Wstrict-prototypes]
   80 | extern int getTune();
      |                   ^
      |                    void
src/proto/protocol2.h:85:37: warning: a function declaration without a prototype is deprecated in all versions of C [-Wstrict-prototypes]
   85 | extern gboolean protocol2_is_running();
      |                                     ^
      |                                      void
In file included from src/audio/audio.c:70:
src/proto/soapy_protocol.h:25:33: warning: a function declaration without a prototype is deprecated in all versions of C [-Wstrict-prototypes]
   25 | SoapySDRDevice *get_soapy_device();
      |                                 ^
      |                                  void
src/proto/soapy_protocol.h:31:25: warning: a function declaration without a prototype is deprecated in all versions of C [-Wstrict-prototypes]
   31 | void soapy_protocol_stop();
      |                         ^
      |                          void
src/proto/soapy_protocol.h:44:29: warning: a function declaration without a prototype is deprecated in all versions of C [-Wstrict-prototypes]
   44 | void soapy_protocol_rx_pause();
      |                             ^
      |                              void
src/proto/soapy_protocol.h:45:30: warning: a function declaration without a prototype is deprecated in all versions of C [-Wstrict-prototypes]
   45 | void soapy_protocol_rx_resume();
      |                              ^
      |                               void
src/proto/soapy_protocol.h:56:35: warning: a function declaration without a prototype is deprecated in all versions of C [-Wstrict-prototypes]
   56 | gboolean soapy_protocol_is_running();
      |                                   ^
      |                                    void
In file included from src/audio/audio.c:72:
src/audio/audio.h:58:28: warning: a function declaration without a prototype is deprecated in all versions of C [-Wstrict-prototypes]
   58 | extern void audio_get_cards();
      |                            ^
      |                             void
src/audio/audio.c:1290:21: warning: a function declaration without a prototype is deprecated in all versions of C [-Wstrict-prototypes]
 1290 | void audio_get_cards() {
      |                     ^
      |                      void
32 warnings generated.
In file included from src/proto/discovery.c:28:
src/proto/discovery.h:22:22: warning: a function declaration without a prototype is deprecated in all versions of C [-Wstrict-prototypes]
   22 | extern void discovery();
      |                      ^
      |                       void
In file included from src/proto/discovery.c:32:
src/proto/soapy_discovery.h:23:21: warning: a function declaration without a prototype is deprecated in all versions of C [-Wstrict-prototypes]
   23 | void soapy_discovery();
      |                     ^
      |                      void
src/proto/discovery.c:51:15: warning: a function declaration without a prototype is deprecated in all versions of C [-Wstrict-prototypes]
   51 | void discovery() {
      |               ^
      |                void
3 warnings generated.
In file included from src/proto/protocol1_discovery.c:37:
src/proto/discovery.h:22:22: warning: a function declaration without a prototype is deprecated in all versions of C [-Wstrict-prototypes]
   22 | extern void discovery();
      |                      ^
      |                       void
src/proto/protocol1_discovery.c:295:25: warning: a function declaration without a prototype is deprecated in all versions of C [-Wstrict-prototypes]
  295 | void protocol1_discovery() {
      |                         ^
      |                          void
2 warnings generated.
In file included from src/proto/protocol2_discovery.c:38:
src/proto/discovery.h:22:22: warning: a function declaration without a prototype is deprecated in all versions of C [-Wstrict-prototypes]
   22 | extern void discovery();
      |                      ^
      |                       void
src/proto/protocol2_discovery.c:69:25: warning: a function declaration without a prototype is deprecated in all versions of C [-Wstrict-prototypes]
   69 | void protocol2_discovery() {
      |                         ^
      |                          void
2 warnings generated.
In file included from src/core/filter.c:24:
src/core/filter.h:46:28: warning: a function declaration without a prototype is deprecated in all versions of C [-Wstrict-prototypes]
   46 | extern void filterSaveState();
      |                            ^
      |                             void
src/core/filter.h:47:31: warning: a function declaration without a prototype is deprecated in all versions of C [-Wstrict-prototypes]
   47 | extern void filterRestoreState();
      |                               ^
      |                                void
src/core/filter.c:239:21: warning: a function declaration without a prototype is deprecated in all versions of C [-Wstrict-prototypes]
  239 | void filterSaveState() {
      |                     ^
      |                      void
src/core/filter.c:335:24: warning: a function declaration without a prototype is deprecated in all versions of C [-Wstrict-prototypes]
  335 | void filterRestoreState() {
      |                        ^
      |                         void
4 warnings generated.
In file included from src/core/band.c:27:
src/core/filter.h:46:28: warning: a function declaration without a prototype is deprecated in all versions of C [-Wstrict-prototypes]
   46 | extern void filterSaveState();
      |                            ^
      |                             void
src/core/filter.h:47:31: warning: a function declaration without a prototype is deprecated in all versions of C [-Wstrict-prototypes]
   47 | extern void filterRestoreState();
      |                               ^
      |                                void
In file included from src/core/band.c:29:
src/core/band.h:107:28: warning: a function declaration without a prototype is deprecated in all versions of C [-Wstrict-prototypes]
  107 | extern int band_get_current();
      |                            ^
      |                             void
src/core/band.h:108:35: warning: a function declaration without a prototype is deprecated in all versions of C [-Wstrict-prototypes]
  108 | extern BAND *band_get_current_band();
      |                                   ^
      |                                    void
src/core/band.h:116:45: warning: a function declaration without a prototype is deprecated in all versions of C [-Wstrict-prototypes]
  116 | extern BANDSTACK_ENTRY *bandstack_entry_next();
      |                                             ^
      |                                              void
src/core/band.h:117:49: warning: a function declaration without a prototype is deprecated in all versions of C [-Wstrict-prototypes]
  117 | extern BANDSTACK_ENTRY *bandstack_entry_previous();
      |                                                 ^
      |                                                  void
src/core/band.h:118:52: warning: a function declaration without a prototype is deprecated in all versions of C [-Wstrict-prototypes]
  118 | extern BANDSTACK_ENTRY *bandstack_entry_get_current();
      |                                                    ^
      |                                                     void
src/core/band.h:120:26: warning: a function declaration without a prototype is deprecated in all versions of C [-Wstrict-prototypes]
  120 | extern void bandSaveState();
      |                          ^
      |                           void
src/core/band.h:121:29: warning: a function declaration without a prototype is deprecated in all versions of C [-Wstrict-prototypes]
  121 | extern void bandRestoreState();
      |                             ^
      |                              void
src/core/band.c:342:45: warning: a function declaration without a prototype is deprecated in all versions of C [-Wstrict-prototypes]
  342 | BANDSTACK_ENTRY *bandstack_entry_get_current() {
      |                                             ^
      |                                              void
src/core/band.c:348:38: warning: a function declaration without a prototype is deprecated in all versions of C [-Wstrict-prototypes]
  348 | BANDSTACK_ENTRY *bandstack_entry_next() {
      |                                      ^
      |                                       void
src/core/band.c:358:42: warning: a function declaration without a prototype is deprecated in all versions of C [-Wstrict-prototypes]
  358 | BANDSTACK_ENTRY *bandstack_entry_previous() {
      |                                          ^
      |                                           void
src/core/band.c:369:21: warning: a function declaration without a prototype is deprecated in all versions of C [-Wstrict-prototypes]
  369 | int band_get_current() {
      |                     ^
      |                      void
src/core/band.c:373:28: warning: a function declaration without a prototype is deprecated in all versions of C [-Wstrict-prototypes]
  373 | BAND *band_get_current_band() {
      |                            ^
      |                             void
src/core/band.c:388:19: warning: a function declaration without a prototype is deprecated in all versions of C [-Wstrict-prototypes]
  388 | void bandSaveState() {
      |                   ^
      |                    void
src/core/band.c:565:22: warning: a function declaration without a prototype is deprecated in all versions of C [-Wstrict-prototypes]
  565 | void bandRestoreState() {
      |                      ^
      |                       void
16 warnings generated.
In file included from src/core/radio.c:31:
wdsp/wdsp.h:12:19: warning: a function declaration without a prototype is deprecated in all versions of C [-Wstrict-prototypes]
   12 | int GetWDSPVersion();
      |                   ^
      |                    void
wdsp/wdsp.h:367:24: warning: a function declaration without a prototype is deprecated in all versions of C [-Wstrict-prototypes]
  367 | char *wisdom_get_status();
      |                        ^
      |                         void
In file included from src/core/radio.c:38:
src/core/filter.h:46:28: warning: a function declaration without a prototype is deprecated in all versions of C [-Wstrict-prototypes]
   46 | extern void filterSaveState();
      |                            ^
      |                             void
src/core/filter.h:47:31: warning: a function declaration without a prototype is deprecated in all versions of C [-Wstrict-prototypes]
   47 | extern void filterRestoreState();
      |                               ^
      |                                void
In file included from src/core/radio.c:39:
src/core/band.h:107:28: warning: a function declaration without a prototype is deprecated in all versions of C [-Wstrict-prototypes]
  107 | extern int band_get_current();
      |                            ^
      |                             void
src/core/band.h:108:35: warning: a function declaration without a prototype is deprecated in all versions of C [-Wstrict-prototypes]
  108 | extern BAND *band_get_current_band();
      |                                   ^
      |                                    void
src/core/band.h:116:45: warning: a function declaration without a prototype is deprecated in all versions of C [-Wstrict-prototypes]
  116 | extern BANDSTACK_ENTRY *bandstack_entry_next();
      |                                             ^
      |                                              void
src/core/band.h:117:49: warning: a function declaration without a prototype is deprecated in all versions of C [-Wstrict-prototypes]
  117 | extern BANDSTACK_ENTRY *bandstack_entry_previous();
      |                                                 ^
      |                                                  void
src/core/band.h:118:52: warning: a function declaration without a prototype is deprecated in all versions of C [-Wstrict-prototypes]
  118 | extern BANDSTACK_ENTRY *bandstack_entry_get_current();
      |                                                    ^
      |                                                     void
src/core/band.h:120:26: warning: a function declaration without a prototype is deprecated in all versions of C [-Wstrict-prototypes]
  120 | extern void bandSaveState();
      |                          ^
      |                           void
src/core/band.h:121:29: warning: a function declaration without a prototype is deprecated in all versions of C [-Wstrict-prototypes]
  121 | extern void bandRestoreState();
      |                             ^
      |                              void
In file included from src/core/radio.c:50:
src/proto/protocol1.h:23:27: warning: a function declaration without a prototype is deprecated in all versions of C [-Wstrict-prototypes]
   23 | extern void protocol1_stop();
      |                           ^
      |                            void
src/proto/protocol1.h:24:26: warning: a function declaration without a prototype is deprecated in all versions of C [-Wstrict-prototypes]
   24 | extern void protocol1_run();
      |                          ^
      |                           void
src/proto/protocol1.h:25:32: warning: a function declaration without a prototype is deprecated in all versions of C [-Wstrict-prototypes]
   25 | extern void protocol1_reconnect();
      |                                ^
      |                                 void
src/proto/protocol1.h:34:37: warning: a function declaration without a prototype is deprecated in all versions of C [-Wstrict-prototypes]
   34 | extern gboolean protocol1_is_running();
      |                                     ^
      |                                      void
In file included from src/core/radio.c:51:
src/proto/protocol2.h:60:27: warning: a function declaration without a prototype is deprecated in all versions of C [-Wstrict-prototypes]
   60 | extern void protocol2_stop();
      |                           ^
      |                            void
src/proto/protocol2.h:61:26: warning: a function declaration without a prototype is deprecated in all versions of C [-Wstrict-prototypes]
   61 | extern void protocol2_run();
      |                          ^
      |                           void
src/proto/protocol2.h:62:32: warning: a function declaration without a prototype is deprecated in all versions of C [-Wstrict-prototypes]
   62 | extern void protocol2_reconnect();
      |                                ^
      |                                 void
src/proto/protocol2.h:65:36: warning: a function declaration without a prototype is deprecated in all versions of C [-Wstrict-prototypes]
   65 | extern void protocol2_high_priority();
      |                                    ^
      |                                     void
src/proto/protocol2.h:66:30: warning: a function declaration without a prototype is deprecated in all versions of C [-Wstrict-prototypes]
   66 | extern void protocol2_general();
      |                              ^
      |                               void
src/proto/protocol2.h:67:39: warning: a function declaration without a prototype is deprecated in all versions of C [-Wstrict-prototypes]
   67 | extern void protocol2_receive_specific();
      |                                       ^
      |                                        void
src/proto/protocol2.h:70:36: warning: a function declaration without a prototype is deprecated in all versions of C [-Wstrict-prototypes]
   70 | extern void protocol2_stop_wideband();
      |                                    ^
      |                                     void
src/proto/protocol2.h:72:33: warning: a function declaration without a prototype is deprecated in all versions of C [-Wstrict-prototypes]
   72 | extern void filter_board_changed();
      |                                 ^
      |                                  void
src/proto/protocol2.h:73:23: warning: a function declaration without a prototype is deprecated in all versions of C [-Wstrict-prototypes]
   73 | extern void pa_changed();
      |                       ^
      |                        void
src/proto/protocol2.h:74:26: warning: a function declaration without a prototype is deprecated in all versions of C [-Wstrict-prototypes]
   74 | extern void tuner_changed();
      |                          ^
      |                           void
src/proto/protocol2.h:75:23: warning: a function declaration without a prototype is deprecated in all versions of C [-Wstrict-prototypes]
   75 | extern void cw_changed();
      |                       ^
      |                        void
src/proto/protocol2.h:78:18: warning: a function declaration without a prototype is deprecated in all versions of C [-Wstrict-prototypes]
   78 | extern int getMox();
      |                  ^
      |                   void
src/proto/protocol2.h:80:19: warning: a function declaration without a prototype is deprecated in all versions of C [-Wstrict-prototypes]
   80 | extern int getTune();
      |                   ^
      |                    void
src/proto/protocol2.h:85:37: warning: a function declaration without a prototype is deprecated in all versions of C [-Wstrict-prototypes]
   85 | extern gboolean protocol2_is_running();
      |                                     ^
      |                                      void
In file included from src/core/radio.c:54:
src/proto/soapy_protocol.h:25:33: warning: a function declaration without a prototype is deprecated in all versions of C [-Wstrict-prototypes]
   25 | SoapySDRDevice *get_soapy_device();
      |                                 ^
      |                                  void
src/proto/soapy_protocol.h:31:25: warning: a function declaration without a prototype is deprecated in all versions of C [-Wstrict-prototypes]
   31 | void soapy_protocol_stop();
      |                         ^
      |                          void
src/proto/soapy_protocol.h:44:29: warning: a function declaration without a prototype is deprecated in all versions of C [-Wstrict-prototypes]
   44 | void soapy_protocol_rx_pause();
      |                             ^
      |                              void
src/proto/soapy_protocol.h:45:30: warning: a function declaration without a prototype is deprecated in all versions of C [-Wstrict-prototypes]
   45 | void soapy_protocol_rx_resume();
      |                              ^
      |                               void
src/proto/soapy_protocol.h:56:35: warning: a function declaration without a prototype is deprecated in all versions of C [-Wstrict-prototypes]
   56 | gboolean soapy_protocol_is_running();
      |                                   ^
      |                                    void
In file included from src/core/radio.c:59:
src/audio/audio.h:58:28: warning: a function declaration without a prototype is deprecated in all versions of C [-Wstrict-prototypes]
   58 | extern void audio_get_cards();
      |                            ^
      |                             void
In file included from src/core/radio.c:64:
src/core/frequency.h:37:23: warning: a function declaration without a prototype is deprecated in all versions of C [-Wstrict-prototypes]
   37 | extern int canTransmit();
      |                       ^
      |                        void
In file included from src/core/radio.c:66:
src/ui/css.h:1:21: warning: a function declaration without a prototype is deprecated in all versions of C [-Wstrict-prototypes]
    1 | extern void load_css();
      |                     ^
      |                      void
In file included from src/core/radio.c:90:
src/midi/midi.h:275:23: warning: a function declaration without a prototype is deprecated in all versions of C [-Wstrict-prototypes]
  275 | void close_midi_device();
      |                       ^
      |                        void
In file included from src/core/radio.c:91:
src/midi/midi_dialog.h:27:28: warning: a function declaration without a prototype is deprecated in all versions of C [-Wstrict-prototypes]
   27 | extern void midi_save_state();
      |                            ^
      |                             void
src/midi/midi_dialog.h:28:31: warning: a function declaration without a prototype is deprecated in all versions of C [-Wstrict-prototypes]
   28 | extern void midi_restore_state();
      |                               ^
      |                                void
40 warnings generated.
In file included from src/core/receiver.c:30:
wdsp/wdsp.h:12:19: warning: a function declaration without a prototype is deprecated in all versions of C [-Wstrict-prototypes]
   12 | int GetWDSPVersion();
      |                   ^
      |                    void
wdsp/wdsp.h:367:24: warning: a function declaration without a prototype is deprecated in all versions of C [-Wstrict-prototypes]
  367 | char *wisdom_get_status();
      |                        ^
      |                         void
In file included from src/core/receiver.c:34:
src/core/filter.h:46:28: warning: a function declaration without a prototype is deprecated in all versions of C [-Wstrict-prototypes]
   46 | extern void filterSaveState();
      |                            ^
      |                             void
src/core/filter.h:47:31: warning: a function declaration without a prototype is deprecated in all versions of C [-Wstrict-prototypes]
   47 | extern void filterRestoreState();
      |                               ^
      |                                void
In file included from src/core/receiver.c:36:
src/core/band.h:107:28: warning: a function declaration without a prototype is deprecated in all versions of C [-Wstrict-prototypes]
  107 | extern int band_get_current();
      |                            ^
      |                             void
src/core/band.h:108:35: warning: a function declaration without a prototype is deprecated in all versions of C [-Wstrict-prototypes]
  108 | extern BAND *band_get_current_band();
      |                                   ^
      |                                    void
src/core/band.h:116:45: warning: a function declaration without a prototype is deprecated in all versions of C [-Wstrict-prototypes]
  116 | extern BANDSTACK_ENTRY *bandstack_entry_next();
      |                                             ^
      |                                              void
src/core/band.h:117:49: warning: a function declaration without a prototype is deprecated in all versions of C [-Wstrict-prototypes]
  117 | extern BANDSTACK_ENTRY *bandstack_entry_previous();
      |                                                 ^
      |                                                  void
src/core/band.h:118:52: warning: a function declaration without a prototype is deprecated in all versions of C [-Wstrict-prototypes]
  118 | extern BANDSTACK_ENTRY *bandstack_entry_get_current();
      |                                                    ^
      |                                                     void
src/core/band.h:120:26: warning: a function declaration without a prototype is deprecated in all versions of C [-Wstrict-prototypes]
  120 | extern void bandSaveState();
      |                          ^
      |                           void
src/core/band.h:121:29: warning: a function declaration without a prototype is deprecated in all versions of C [-Wstrict-prototypes]
  121 | extern void bandRestoreState();
      |                             ^
      |                              void
In file included from src/core/receiver.c:54:
src/proto/protocol1.h:23:27: warning: a function declaration without a prototype is deprecated in all versions of C [-Wstrict-prototypes]
   23 | extern void protocol1_stop();
      |                           ^
      |                            void
src/proto/protocol1.h:24:26: warning: a function declaration without a prototype is deprecated in all versions of C [-Wstrict-prototypes]
   24 | extern void protocol1_run();
      |                          ^
      |                           void
src/proto/protocol1.h:25:32: warning: a function declaration without a prototype is deprecated in all versions of C [-Wstrict-prototypes]
   25 | extern void protocol1_reconnect();
      |                                ^
      |                                 void
src/proto/protocol1.h:34:37: warning: a function declaration without a prototype is deprecated in all versions of C [-Wstrict-prototypes]
   34 | extern gboolean protocol1_is_running();
      |                                     ^
      |                                      void
In file included from src/core/receiver.c:55:
src/proto/protocol2.h:60:27: warning: a function declaration without a prototype is deprecated in all versions of C [-Wstrict-prototypes]
   60 | extern void protocol2_stop();
      |                           ^
      |                            void
src/proto/protocol2.h:61:26: warning: a function declaration without a prototype is deprecated in all versions of C [-Wstrict-prototypes]
   61 | extern void protocol2_run();
      |                          ^
      |                           void
src/proto/protocol2.h:62:32: warning: a function declaration without a prototype is deprecated in all versions of C [-Wstrict-prototypes]
   62 | extern void protocol2_reconnect();
      |                                ^
      |                                 void
src/proto/protocol2.h:65:36: warning: a function declaration without a prototype is deprecated in all versions of C [-Wstrict-prototypes]
   65 | extern void protocol2_high_priority();
      |                                    ^
      |                                     void
src/proto/protocol2.h:66:30: warning: a function declaration without a prototype is deprecated in all versions of C [-Wstrict-prototypes]
   66 | extern void protocol2_general();
      |                              ^
      |                               void
src/proto/protocol2.h:67:39: warning: a function declaration without a prototype is deprecated in all versions of C [-Wstrict-prototypes]
   67 | extern void protocol2_receive_specific();
      |                                       ^
      |                                        void
src/proto/protocol2.h:70:36: warning: a function declaration without a prototype is deprecated in all versions of C [-Wstrict-prototypes]
   70 | extern void protocol2_stop_wideband();
      |                                    ^
      |                                     void
src/proto/protocol2.h:72:33: warning: a function declaration without a prototype is deprecated in all versions of C [-Wstrict-prototypes]
   72 | extern void filter_board_changed();
      |                                 ^
      |                                  void
src/proto/protocol2.h:73:23: warning: a function declaration without a prototype is deprecated in all versions of C [-Wstrict-prototypes]
   73 | extern void pa_changed();
      |                       ^
      |                        void
src/proto/protocol2.h:74:26: warning: a function declaration without a prototype is deprecated in all versions of C [-Wstrict-prototypes]
   74 | extern void tuner_changed();
      |                          ^
      |                           void
src/proto/protocol2.h:75:23: warning: a function declaration without a prototype is deprecated in all versions of C [-Wstrict-prototypes]
   75 | extern void cw_changed();
      |                       ^
      |                        void
src/proto/protocol2.h:78:18: warning: a function declaration without a prototype is deprecated in all versions of C [-Wstrict-prototypes]
   78 | extern int getMox();
      |                  ^
      |                   void
src/proto/protocol2.h:80:19: warning: a function declaration without a prototype is deprecated in all versions of C [-Wstrict-prototypes]
   80 | extern int getTune();
      |                   ^
      |                    void
src/proto/protocol2.h:85:37: warning: a function declaration without a prototype is deprecated in all versions of C [-Wstrict-prototypes]
   85 | extern gboolean protocol2_is_running();
      |                                     ^
      |                                      void
In file included from src/core/receiver.c:57:
src/proto/soapy_protocol.h:25:33: warning: a function declaration without a prototype is deprecated in all versions of C [-Wstrict-prototypes]
   25 | SoapySDRDevice *get_soapy_device();
      |                                 ^
      |                                  void
src/proto/soapy_protocol.h:31:25: warning: a function declaration without a prototype is deprecated in all versions of C [-Wstrict-prototypes]
   31 | void soapy_protocol_stop();
      |                         ^
      |                          void
src/proto/soapy_protocol.h:44:29: warning: a function declaration without a prototype is deprecated in all versions of C [-Wstrict-prototypes]
   44 | void soapy_protocol_rx_pause();
      |                             ^
      |                              void
src/proto/soapy_protocol.h:45:30: warning: a function declaration without a prototype is deprecated in all versions of C [-Wstrict-prototypes]
   45 | void soapy_protocol_rx_resume();
      |                              ^
      |                               void
src/proto/soapy_protocol.h:56:35: warning: a function declaration without a prototype is deprecated in all versions of C [-Wstrict-prototypes]
   56 | gboolean soapy_protocol_is_running();
      |                                   ^
      |                                    void
In file included from src/core/receiver.c:60:
src/audio/audio.h:58:28: warning: a function declaration without a prototype is deprecated in all versions of C [-Wstrict-prototypes]
   58 | extern void audio_get_cards();
      |                            ^
      |                             void
In file included from src/core/receiver.c:64:
src/proto/rigctl.h:10:27: warning: a function declaration without a prototype is deprecated in all versions of C [-Wstrict-prototypes]
   10 | extern int   rigctlGetMode();
      |                           ^
      |                            void
src/proto/rigctl.h:12:30: warning: a function declaration without a prototype is deprecated in all versions of C [-Wstrict-prototypes]
   12 | extern char * rigctlGetFilter();
      |                              ^
      |                               void
37 warnings generated.
In file included from src/core/transmitter.c:27:
wdsp/wdsp.h:12:19: warning: a function declaration without a prototype is deprecated in all versions of C [-Wstrict-prototypes]
   12 | int GetWDSPVersion();
      |                   ^
      |                    void
wdsp/wdsp.h:367:24: warning: a function declaration without a prototype is deprecated in all versions of C [-Wstrict-prototypes]
  367 | char *wisdom_get_status();
      |                        ^
      |                         void
In file included from src/core/transmitter.c:36:
src/core/filter.h:46:28: warning: a function declaration without a prototype is deprecated in all versions of C [-Wstrict-prototypes]
   46 | extern void filterSaveState();
      |                            ^
      |                             void
src/core/filter.h:47:31: warning: a function declaration without a prototype is deprecated in all versions of C [-Wstrict-prototypes]
   47 | extern void filterRestoreState();
      |                               ^
      |                                void
In file included from src/core/transmitter.c:43:
In file included from src/core/radio.h:34:
src/core/band.h:107:28: warning: a function declaration without a prototype is deprecated in all versions of C [-Wstrict-prototypes]
  107 | extern int band_get_current();
      |                            ^
      |                             void
src/core/band.h:108:35: warning: a function declaration without a prototype is deprecated in all versions of C [-Wstrict-prototypes]
  108 | extern BAND *band_get_current_band();
      |                                   ^
      |                                    void
src/core/band.h:116:45: warning: a function declaration without a prototype is deprecated in all versions of C [-Wstrict-prototypes]
  116 | extern BANDSTACK_ENTRY *bandstack_entry_next();
      |                                             ^
      |                                              void
src/core/band.h:117:49: warning: a function declaration without a prototype is deprecated in all versions of C [-Wstrict-prototypes]
  117 | extern BANDSTACK_ENTRY *bandstack_entry_previous();
      |                                                 ^
      |                                                  void
src/core/band.h:118:52: warning: a function declaration without a prototype is deprecated in all versions of C [-Wstrict-prototypes]
  118 | extern BANDSTACK_ENTRY *bandstack_entry_get_current();
      |                                                    ^
      |                                                     void
src/core/band.h:120:26: warning: a function declaration without a prototype is deprecated in all versions of C [-Wstrict-prototypes]
  120 | extern void bandSaveState();
      |                          ^
      |                           void
src/core/band.h:121:29: warning: a function declaration without a prototype is deprecated in all versions of C [-Wstrict-prototypes]
  121 | extern void bandRestoreState();
      |                             ^
      |                              void
In file included from src/core/transmitter.c:44:
src/proto/protocol1.h:23:27: warning: a function declaration without a prototype is deprecated in all versions of C [-Wstrict-prototypes]
   23 | extern void protocol1_stop();
      |                           ^
      |                            void
src/proto/protocol1.h:24:26: warning: a function declaration without a prototype is deprecated in all versions of C [-Wstrict-prototypes]
   24 | extern void protocol1_run();
      |                          ^
      |                           void
src/proto/protocol1.h:25:32: warning: a function declaration without a prototype is deprecated in all versions of C [-Wstrict-prototypes]
   25 | extern void protocol1_reconnect();
      |                                ^
      |                                 void
src/proto/protocol1.h:34:37: warning: a function declaration without a prototype is deprecated in all versions of C [-Wstrict-prototypes]
   34 | extern gboolean protocol1_is_running();
      |                                     ^
      |                                      void
In file included from src/core/transmitter.c:45:
src/proto/protocol2.h:60:27: warning: a function declaration without a prototype is deprecated in all versions of C [-Wstrict-prototypes]
   60 | extern void protocol2_stop();
      |                           ^
      |                            void
src/proto/protocol2.h:61:26: warning: a function declaration without a prototype is deprecated in all versions of C [-Wstrict-prototypes]
   61 | extern void protocol2_run();
      |                          ^
      |                           void
src/proto/protocol2.h:62:32: warning: a function declaration without a prototype is deprecated in all versions of C [-Wstrict-prototypes]
   62 | extern void protocol2_reconnect();
      |                                ^
      |                                 void
src/proto/protocol2.h:65:36: warning: a function declaration without a prototype is deprecated in all versions of C [-Wstrict-prototypes]
   65 | extern void protocol2_high_priority();
      |                                    ^
      |                                     void
src/proto/protocol2.h:66:30: warning: a function declaration without a prototype is deprecated in all versions of C [-Wstrict-prototypes]
   66 | extern void protocol2_general();
      |                              ^
      |                               void
src/proto/protocol2.h:67:39: warning: a function declaration without a prototype is deprecated in all versions of C [-Wstrict-prototypes]
   67 | extern void protocol2_receive_specific();
      |                                       ^
      |                                        void
src/proto/protocol2.h:70:36: warning: a function declaration without a prototype is deprecated in all versions of C [-Wstrict-prototypes]
   70 | extern void protocol2_stop_wideband();
      |                                    ^
      |                                     void
src/proto/protocol2.h:72:33: warning: a function declaration without a prototype is deprecated in all versions of C [-Wstrict-prototypes]
   72 | extern void filter_board_changed();
      |                                 ^
      |                                  void
src/proto/protocol2.h:73:23: warning: a function declaration without a prototype is deprecated in all versions of C [-Wstrict-prototypes]
   73 | extern void pa_changed();
      |                       ^
      |                        void
src/proto/protocol2.h:74:26: warning: a function declaration without a prototype is deprecated in all versions of C [-Wstrict-prototypes]
   74 | extern void tuner_changed();
      |                          ^
      |                           void
src/proto/protocol2.h:75:23: warning: a function declaration without a prototype is deprecated in all versions of C [-Wstrict-prototypes]
   75 | extern void cw_changed();
      |                       ^
      |                        void
src/proto/protocol2.h:78:18: warning: a function declaration without a prototype is deprecated in all versions of C [-Wstrict-prototypes]
   78 | extern int getMox();
      |                  ^
      |                   void
src/proto/protocol2.h:80:19: warning: a function declaration without a prototype is deprecated in all versions of C [-Wstrict-prototypes]
   80 | extern int getTune();
      |                   ^
      |                    void
src/proto/protocol2.h:85:37: warning: a function declaration without a prototype is deprecated in all versions of C [-Wstrict-prototypes]
   85 | extern gboolean protocol2_is_running();
      |                                     ^
      |                                      void
In file included from src/core/transmitter.c:49:
src/audio/audio.h:58:28: warning: a function declaration without a prototype is deprecated in all versions of C [-Wstrict-prototypes]
   58 | extern void audio_get_cards();
      |                            ^
      |                             void
In file included from src/core/transmitter.c:55:
src/proto/soapy_protocol.h:25:33: warning: a function declaration without a prototype is deprecated in all versions of C [-Wstrict-prototypes]
   25 | SoapySDRDevice *get_soapy_device();
      |                                 ^
      |                                  void
src/proto/soapy_protocol.h:31:25: warning: a function declaration without a prototype is deprecated in all versions of C [-Wstrict-prototypes]
   31 | void soapy_protocol_stop();
      |                         ^
      |                          void
src/proto/soapy_protocol.h:44:29: warning: a function declaration without a prototype is deprecated in all versions of C [-Wstrict-prototypes]
   44 | void soapy_protocol_rx_pause();
      |                             ^
      |                              void
src/proto/soapy_protocol.h:45:30: warning: a function declaration without a prototype is deprecated in all versions of C [-Wstrict-prototypes]
   45 | void soapy_protocol_rx_resume();
      |                              ^
      |                               void
src/proto/soapy_protocol.h:56:35: warning: a function declaration without a prototype is deprecated in all versions of C [-Wstrict-prototypes]
   56 | gboolean soapy_protocol_is_running();
      |                                   ^
      |                                    void
35 warnings generated.
In file included from src/ui/vfo.c:22:
wdsp/wdsp.h:12:19: warning: a function declaration without a prototype is deprecated in all versions of C [-Wstrict-prototypes]
   12 | int GetWDSPVersion();
      |                   ^
      |                    void
wdsp/wdsp.h:367:24: warning: a function declaration without a prototype is deprecated in all versions of C [-Wstrict-prototypes]
  367 | char *wisdom_get_status();
      |                        ^
      |                         void
In file included from src/ui/vfo.c:26:
src/core/filter.h:46:28: warning: a function declaration without a prototype is deprecated in all versions of C [-Wstrict-prototypes]
   46 | extern void filterSaveState();
      |                            ^
      |                             void
src/core/filter.h:47:31: warning: a function declaration without a prototype is deprecated in all versions of C [-Wstrict-prototypes]
   47 | extern void filterRestoreState();
      |                               ^
      |                                void
In file included from src/ui/vfo.c:35:
In file included from src/core/radio.h:34:
src/core/band.h:107:28: warning: a function declaration without a prototype is deprecated in all versions of C [-Wstrict-prototypes]
  107 | extern int band_get_current();
      |                            ^
      |                             void
src/core/band.h:108:35: warning: a function declaration without a prototype is deprecated in all versions of C [-Wstrict-prototypes]
  108 | extern BAND *band_get_current_band();
      |                                   ^
      |                                    void
src/core/band.h:116:45: warning: a function declaration without a prototype is deprecated in all versions of C [-Wstrict-prototypes]
  116 | extern BANDSTACK_ENTRY *bandstack_entry_next();
      |                                             ^
      |                                              void
src/core/band.h:117:49: warning: a function declaration without a prototype is deprecated in all versions of C [-Wstrict-prototypes]
  117 | extern BANDSTACK_ENTRY *bandstack_entry_previous();
      |                                                 ^
      |                                                  void
src/core/band.h:118:52: warning: a function declaration without a prototype is deprecated in all versions of C [-Wstrict-prototypes]
  118 | extern BANDSTACK_ENTRY *bandstack_entry_get_current();
      |                                                    ^
      |                                                     void
src/core/band.h:120:26: warning: a function declaration without a prototype is deprecated in all versions of C [-Wstrict-prototypes]
  120 | extern void bandSaveState();
      |                          ^
      |                           void
src/core/band.h:121:29: warning: a function declaration without a prototype is deprecated in all versions of C [-Wstrict-prototypes]
  121 | extern void bandRestoreState();
      |                             ^
      |                              void
In file included from src/ui/vfo.c:36:
src/ui/css.h:1:21: warning: a function declaration without a prototype is deprecated in all versions of C [-Wstrict-prototypes]
    1 | extern void load_css();
      |                     ^
      |                      void
In file included from src/ui/vfo.c:41:
src/proto/rigctl.h:10:27: warning: a function declaration without a prototype is deprecated in all versions of C [-Wstrict-prototypes]
   10 | extern int   rigctlGetMode();
      |                           ^
      |                            void
src/proto/rigctl.h:12:30: warning: a function declaration without a prototype is deprecated in all versions of C [-Wstrict-prototypes]
   12 | extern char * rigctlGetFilter();
      |                              ^
      |                               void
14 warnings generated.
In file included from src/ui/meter.c:23:
wdsp/wdsp.h:12:19: warning: a function declaration without a prototype is deprecated in all versions of C [-Wstrict-prototypes]
   12 | int GetWDSPVersion();
      |                   ^
      |                    void
wdsp/wdsp.h:367:24: warning: a function declaration without a prototype is deprecated in all versions of C [-Wstrict-prototypes]
  367 | char *wisdom_get_status();
      |                        ^
      |                         void
In file included from src/ui/meter.c:32:
In file included from src/core/radio.h:34:
src/core/band.h:107:28: warning: a function declaration without a prototype is deprecated in all versions of C [-Wstrict-prototypes]
  107 | extern int band_get_current();
      |                            ^
      |                             void
src/core/band.h:108:35: warning: a function declaration without a prototype is deprecated in all versions of C [-Wstrict-prototypes]
  108 | extern BAND *band_get_current_band();
      |                                   ^
      |                                    void
src/core/band.h:116:45: warning: a function declaration without a prototype is deprecated in all versions of C [-Wstrict-prototypes]
  116 | extern BANDSTACK_ENTRY *bandstack_entry_next();
      |                                             ^
      |                                              void
src/core/band.h:117:49: warning: a function declaration without a prototype is deprecated in all versions of C [-Wstrict-prototypes]
  117 | extern BANDSTACK_ENTRY *bandstack_entry_previous();
      |                                                 ^
      |                                                  void
src/core/band.h:118:52: warning: a function declaration without a prototype is deprecated in all versions of C [-Wstrict-prototypes]
  118 | extern BANDSTACK_ENTRY *bandstack_entry_get_current();
      |                                                    ^
      |                                                     void
src/core/band.h:120:26: warning: a function declaration without a prototype is deprecated in all versions of C [-Wstrict-prototypes]
  120 | extern void bandSaveState();
      |                          ^
      |                           void
src/core/band.h:121:29: warning: a function declaration without a prototype is deprecated in all versions of C [-Wstrict-prototypes]
  121 | extern void bandRestoreState();
      |                             ^
      |                              void
9 warnings generated.
In file included from src/ui/rx_panadapter.c:26:
wdsp/wdsp.h:12:19: warning: a function declaration without a prototype is deprecated in all versions of C [-Wstrict-prototypes]
   12 | int GetWDSPVersion();
      |                   ^
      |                    void
wdsp/wdsp.h:367:24: warning: a function declaration without a prototype is deprecated in all versions of C [-Wstrict-prototypes]
  367 | char *wisdom_get_status();
      |                        ^
      |                         void
In file included from src/ui/rx_panadapter.c:33:
src/core/filter.h:46:28: warning: a function declaration without a prototype is deprecated in all versions of C [-Wstrict-prototypes]
   46 | extern void filterSaveState();
      |                            ^
      |                             void
src/core/filter.h:47:31: warning: a function declaration without a prototype is deprecated in all versions of C [-Wstrict-prototypes]
   47 | extern void filterRestoreState();
      |                               ^
      |                                void
In file included from src/ui/rx_panadapter.c:34:
src/core/band.h:107:28: warning: a function declaration without a prototype is deprecated in all versions of C [-Wstrict-prototypes]
  107 | extern int band_get_current();
      |                            ^
      |                             void
src/core/band.h:108:35: warning: a function declaration without a prototype is deprecated in all versions of C [-Wstrict-prototypes]
  108 | extern BAND *band_get_current_band();
      |                                   ^
      |                                    void
src/core/band.h:116:45: warning: a function declaration without a prototype is deprecated in all versions of C [-Wstrict-prototypes]
  116 | extern BANDSTACK_ENTRY *bandstack_entry_next();
      |                                             ^
      |                                              void
src/core/band.h:117:49: warning: a function declaration without a prototype is deprecated in all versions of C [-Wstrict-prototypes]
  117 | extern BANDSTACK_ENTRY *bandstack_entry_previous();
      |                                                 ^
      |                                                  void
src/core/band.h:118:52: warning: a function declaration without a prototype is deprecated in all versions of C [-Wstrict-prototypes]
  118 | extern BANDSTACK_ENTRY *bandstack_entry_get_current();
      |                                                    ^
      |                                                     void
src/core/band.h:120:26: warning: a function declaration without a prototype is deprecated in all versions of C [-Wstrict-prototypes]
  120 | extern void bandSaveState();
      |                          ^
      |                           void
src/core/band.h:121:29: warning: a function declaration without a prototype is deprecated in all versions of C [-Wstrict-prototypes]
  121 | extern void bandRestoreState();
      |                             ^
      |                              void
In file included from src/ui/rx_panadapter.c:46:
src/ui/css.h:1:21: warning: a function declaration without a prototype is deprecated in all versions of C [-Wstrict-prototypes]
    1 | extern void load_css();
      |                     ^
      |                      void
12 warnings generated.
In file included from src/ui/tx_panadapter.c:33:
In file included from src/core/radio.h:34:
src/core/band.h:107:28: warning: a function declaration without a prototype is deprecated in all versions of C [-Wstrict-prototypes]
  107 | extern int band_get_current();
      |                            ^
      |                             void
src/core/band.h:108:35: warning: a function declaration without a prototype is deprecated in all versions of C [-Wstrict-prototypes]
  108 | extern BAND *band_get_current_band();
      |                                   ^
      |                                    void
src/core/band.h:116:45: warning: a function declaration without a prototype is deprecated in all versions of C [-Wstrict-prototypes]
  116 | extern BANDSTACK_ENTRY *bandstack_entry_next();
      |                                             ^
      |                                              void
src/core/band.h:117:49: warning: a function declaration without a prototype is deprecated in all versions of C [-Wstrict-prototypes]
  117 | extern BANDSTACK_ENTRY *bandstack_entry_previous();
      |                                                 ^
      |                                                  void
src/core/band.h:118:52: warning: a function declaration without a prototype is deprecated in all versions of C [-Wstrict-prototypes]
  118 | extern BANDSTACK_ENTRY *bandstack_entry_get_current();
      |                                                    ^
      |                                                     void
src/core/band.h:120:26: warning: a function declaration without a prototype is deprecated in all versions of C [-Wstrict-prototypes]
  120 | extern void bandSaveState();
      |                          ^
      |                           void
src/core/band.h:121:29: warning: a function declaration without a prototype is deprecated in all versions of C [-Wstrict-prototypes]
  121 | extern void bandRestoreState();
      |                             ^
      |                              void
In file included from src/ui/tx_panadapter.c:39:
src/ui/css.h:1:21: warning: a function declaration without a prototype is deprecated in all versions of C [-Wstrict-prototypes]
    1 | extern void load_css();
      |                     ^
      |                      void
In file included from src/ui/tx_panadapter.c:58:
src/proto/soapy_protocol.h:25:33: warning: a function declaration without a prototype is deprecated in all versions of C [-Wstrict-prototypes]
   25 | SoapySDRDevice *get_soapy_device();
      |                                 ^
      |                                  void
src/proto/soapy_protocol.h:31:25: warning: a function declaration without a prototype is deprecated in all versions of C [-Wstrict-prototypes]
   31 | void soapy_protocol_stop();
      |                         ^
      |                          void
src/proto/soapy_protocol.h:44:29: warning: a function declaration without a prototype is deprecated in all versions of C [-Wstrict-prototypes]
   44 | void soapy_protocol_rx_pause();
      |                             ^
      |                              void
src/proto/soapy_protocol.h:45:30: warning: a function declaration without a prototype is deprecated in all versions of C [-Wstrict-prototypes]
   45 | void soapy_protocol_rx_resume();
      |                              ^
      |                               void
src/proto/soapy_protocol.h:56:35: warning: a function declaration without a prototype is deprecated in all versions of C [-Wstrict-prototypes]
   56 | gboolean soapy_protocol_is_running();
      |                                   ^
      |                                    void
13 warnings generated.
In file included from src/ui/mic_level.c:22:
wdsp/wdsp.h:12:19: warning: a function declaration without a prototype is deprecated in all versions of C [-Wstrict-prototypes]
   12 | int GetWDSPVersion();
      |                   ^
      |                    void
wdsp/wdsp.h:367:24: warning: a function declaration without a prototype is deprecated in all versions of C [-Wstrict-prototypes]
  367 | char *wisdom_get_status();
      |                        ^
      |                         void
In file included from src/ui/mic_level.c:31:
In file included from src/core/radio.h:34:
src/core/band.h:107:28: warning: a function declaration without a prototype is deprecated in all versions of C [-Wstrict-prototypes]
  107 | extern int band_get_current();
      |                            ^
      |                             void
src/core/band.h:108:35: warning: a function declaration without a prototype is deprecated in all versions of C [-Wstrict-prototypes]
  108 | extern BAND *band_get_current_band();
      |                                   ^
      |                                    void
src/core/band.h:116:45: warning: a function declaration without a prototype is deprecated in all versions of C [-Wstrict-prototypes]
  116 | extern BANDSTACK_ENTRY *bandstack_entry_next();
      |                                             ^
      |                                              void
src/core/band.h:117:49: warning: a function declaration without a prototype is deprecated in all versions of C [-Wstrict-prototypes]
  117 | extern BANDSTACK_ENTRY *bandstack_entry_previous();
      |                                                 ^
      |                                                  void
src/core/band.h:118:52: warning: a function declaration without a prototype is deprecated in all versions of C [-Wstrict-prototypes]
  118 | extern BANDSTACK_ENTRY *bandstack_entry_get_current();
      |                                                    ^
      |                                                     void
src/core/band.h:120:26: warning: a function declaration without a prototype is deprecated in all versions of C [-Wstrict-prototypes]
  120 | extern void bandSaveState();
      |                          ^
      |                           void
src/core/band.h:121:29: warning: a function declaration without a prototype is deprecated in all versions of C [-Wstrict-prototypes]
  121 | extern void bandRestoreState();
      |                             ^
      |                              void
9 warnings generated.
In file included from src/ui/mic_gain.c:23:
wdsp/wdsp.h:12:19: warning: a function declaration without a prototype is deprecated in all versions of C [-Wstrict-prototypes]
   12 | int GetWDSPVersion();
      |                   ^
      |                    void
wdsp/wdsp.h:367:24: warning: a function declaration without a prototype is deprecated in all versions of C [-Wstrict-prototypes]
  367 | char *wisdom_get_status();
      |                        ^
      |                         void
In file included from src/ui/mic_gain.c:32:
In file included from src/core/radio.h:34:
src/core/band.h:107:28: warning: a function declaration without a prototype is deprecated in all versions of C [-Wstrict-prototypes]
  107 | extern int band_get_current();
      |                            ^
      |                             void
src/core/band.h:108:35: warning: a function declaration without a prototype is deprecated in all versions of C [-Wstrict-prototypes]
  108 | extern BAND *band_get_current_band();
      |                                   ^
      |                                    void
src/core/band.h:116:45: warning: a function declaration without a prototype is deprecated in all versions of C [-Wstrict-prototypes]
  116 | extern BANDSTACK_ENTRY *bandstack_entry_next();
      |                                             ^
      |                                              void
src/core/band.h:117:49: warning: a function declaration without a prototype is deprecated in all versions of C [-Wstrict-prototypes]
  117 | extern BANDSTACK_ENTRY *bandstack_entry_previous();
      |                                                 ^
      |                                                  void
src/core/band.h:118:52: warning: a function declaration without a prototype is deprecated in all versions of C [-Wstrict-prototypes]
  118 | extern BANDSTACK_ENTRY *bandstack_entry_get_current();
      |                                                    ^
      |                                                     void
src/core/band.h:120:26: warning: a function declaration without a prototype is deprecated in all versions of C [-Wstrict-prototypes]
  120 | extern void bandSaveState();
      |                          ^
      |                           void
src/core/band.h:121:29: warning: a function declaration without a prototype is deprecated in all versions of C [-Wstrict-prototypes]
  121 | extern void bandRestoreState();
      |                             ^
      |                              void
9 warnings generated.
In file included from src/ui/drive_level.c:22:
wdsp/wdsp.h:12:19: warning: a function declaration without a prototype is deprecated in all versions of C [-Wstrict-prototypes]
   12 | int GetWDSPVersion();
      |                   ^
      |                    void
wdsp/wdsp.h:367:24: warning: a function declaration without a prototype is deprecated in all versions of C [-Wstrict-prototypes]
  367 | char *wisdom_get_status();
      |                        ^
      |                         void
In file included from src/ui/drive_level.c:35:
In file included from src/core/radio.h:34:
src/core/band.h:107:28: warning: a function declaration without a prototype is deprecated in all versions of C [-Wstrict-prototypes]
  107 | extern int band_get_current();
      |                            ^
      |                             void
src/core/band.h:108:35: warning: a function declaration without a prototype is deprecated in all versions of C [-Wstrict-prototypes]
  108 | extern BAND *band_get_current_band();
      |                                   ^
      |                                    void
src/core/band.h:116:45: warning: a function declaration without a prototype is deprecated in all versions of C [-Wstrict-prototypes]
  116 | extern BANDSTACK_ENTRY *bandstack_entry_next();
      |                                             ^
      |                                              void
src/core/band.h:117:49: warning: a function declaration without a prototype is deprecated in all versions of C [-Wstrict-prototypes]
  117 | extern BANDSTACK_ENTRY *bandstack_entry_previous();
      |                                                 ^
      |                                                  void
src/core/band.h:118:52: warning: a function declaration without a prototype is deprecated in all versions of C [-Wstrict-prototypes]
  118 | extern BANDSTACK_ENTRY *bandstack_entry_get_current();
      |                                                    ^
      |                                                     void
src/core/band.h:120:26: warning: a function declaration without a prototype is deprecated in all versions of C [-Wstrict-prototypes]
  120 | extern void bandSaveState();
      |                          ^
      |                           void
src/core/band.h:121:29: warning: a function declaration without a prototype is deprecated in all versions of C [-Wstrict-prototypes]
  121 | extern void bandRestoreState();
      |                             ^
      |                              void
In file included from src/ui/drive_level.c:38:
src/proto/protocol2.h:60:27: warning: a function declaration without a prototype is deprecated in all versions of C [-Wstrict-prototypes]
   60 | extern void protocol2_stop();
      |                           ^
      |                            void
src/proto/protocol2.h:61:26: warning: a function declaration without a prototype is deprecated in all versions of C [-Wstrict-prototypes]
   61 | extern void protocol2_run();
      |                          ^
      |                           void
src/proto/protocol2.h:62:32: warning: a function declaration without a prototype is deprecated in all versions of C [-Wstrict-prototypes]
   62 | extern void protocol2_reconnect();
      |                                ^
      |                                 void
src/proto/protocol2.h:65:36: warning: a function declaration without a prototype is deprecated in all versions of C [-Wstrict-prototypes]
   65 | extern void protocol2_high_priority();
      |                                    ^
      |                                     void
src/proto/protocol2.h:66:30: warning: a function declaration without a prototype is deprecated in all versions of C [-Wstrict-prototypes]
   66 | extern void protocol2_general();
      |                              ^
      |                               void
src/proto/protocol2.h:67:39: warning: a function declaration without a prototype is deprecated in all versions of C [-Wstrict-prototypes]
   67 | extern void protocol2_receive_specific();
      |                                       ^
      |                                        void
src/proto/protocol2.h:70:36: warning: a function declaration without a prototype is deprecated in all versions of C [-Wstrict-prototypes]
   70 | extern void protocol2_stop_wideband();
      |                                    ^
      |                                     void
src/proto/protocol2.h:72:33: warning: a function declaration without a prototype is deprecated in all versions of C [-Wstrict-prototypes]
   72 | extern void filter_board_changed();
      |                                 ^
      |                                  void
src/proto/protocol2.h:73:23: warning: a function declaration without a prototype is deprecated in all versions of C [-Wstrict-prototypes]
   73 | extern void pa_changed();
      |                       ^
      |                        void
src/proto/protocol2.h:74:26: warning: a function declaration without a prototype is deprecated in all versions of C [-Wstrict-prototypes]
   74 | extern void tuner_changed();
      |                          ^
      |                           void
src/proto/protocol2.h:75:23: warning: a function declaration without a prototype is deprecated in all versions of C [-Wstrict-prototypes]
   75 | extern void cw_changed();
      |                       ^
      |                        void
src/proto/protocol2.h:78:18: warning: a function declaration without a prototype is deprecated in all versions of C [-Wstrict-prototypes]
   78 | extern int getMox();
      |                  ^
      |                   void
src/proto/protocol2.h:80:19: warning: a function declaration without a prototype is deprecated in all versions of C [-Wstrict-prototypes]
   80 | extern int getTune();
      |                   ^
      |                    void
src/proto/protocol2.h:85:37: warning: a function declaration without a prototype is deprecated in all versions of C [-Wstrict-prototypes]
   85 | extern gboolean protocol2_is_running();
      |                                     ^
      |                                      void
In file included from src/ui/drive_level.c:40:
src/proto/soapy_protocol.h:25:33: warning: a function declaration without a prototype is deprecated in all versions of C [-Wstrict-prototypes]
   25 | SoapySDRDevice *get_soapy_device();
      |                                 ^
      |                                  void
src/proto/soapy_protocol.h:31:25: warning: a function declaration without a prototype is deprecated in all versions of C [-Wstrict-prototypes]
   31 | void soapy_protocol_stop();
      |                         ^
      |                          void
src/proto/soapy_protocol.h:44:29: warning: a function declaration without a prototype is deprecated in all versions of C [-Wstrict-prototypes]
   44 | void soapy_protocol_rx_pause();
      |                             ^
      |                              void
src/proto/soapy_protocol.h:45:30: warning: a function declaration without a prototype is deprecated in all versions of C [-Wstrict-prototypes]
   45 | void soapy_protocol_rx_resume();
      |                              ^
      |                               void
src/proto/soapy_protocol.h:56:35: warning: a function declaration without a prototype is deprecated in all versions of C [-Wstrict-prototypes]
   56 | gboolean soapy_protocol_is_running();
      |                                   ^
      |                                    void
28 warnings generated.
In file included from src/ui/wideband_panadapter.c:23:
wdsp/wdsp.h:12:19: warning: a function declaration without a prototype is deprecated in all versions of C [-Wstrict-prototypes]
   12 | int GetWDSPVersion();
      |                   ^
      |                    void
wdsp/wdsp.h:367:24: warning: a function declaration without a prototype is deprecated in all versions of C [-Wstrict-prototypes]
  367 | char *wisdom_get_status();
      |                        ^
      |                         void
In file included from src/ui/wideband_panadapter.c:30:
src/core/filter.h:46:28: warning: a function declaration without a prototype is deprecated in all versions of C [-Wstrict-prototypes]
   46 | extern void filterSaveState();
      |                            ^
      |                             void
src/core/filter.h:47:31: warning: a function declaration without a prototype is deprecated in all versions of C [-Wstrict-prototypes]
   47 | extern void filterRestoreState();
      |                               ^
      |                                void
In file included from src/ui/wideband_panadapter.c:31:
src/core/band.h:107:28: warning: a function declaration without a prototype is deprecated in all versions of C [-Wstrict-prototypes]
  107 | extern int band_get_current();
      |                            ^
      |                             void
src/core/band.h:108:35: warning: a function declaration without a prototype is deprecated in all versions of C [-Wstrict-prototypes]
  108 | extern BAND *band_get_current_band();
      |                                   ^
      |                                    void
src/core/band.h:116:45: warning: a function declaration without a prototype is deprecated in all versions of C [-Wstrict-prototypes]
  116 | extern BANDSTACK_ENTRY *bandstack_entry_next();
      |                                             ^
      |                                              void
src/core/band.h:117:49: warning: a function declaration without a prototype is deprecated in all versions of C [-Wstrict-prototypes]
  117 | extern BANDSTACK_ENTRY *bandstack_entry_previous();
      |                                                 ^
      |                                                  void
src/core/band.h:118:52: warning: a function declaration without a prototype is deprecated in all versions of C [-Wstrict-prototypes]
  118 | extern BANDSTACK_ENTRY *bandstack_entry_get_current();
      |                                                    ^
      |                                                     void
src/core/band.h:120:26: warning: a function declaration without a prototype is deprecated in all versions of C [-Wstrict-prototypes]
  120 | extern void bandSaveState();
      |                          ^
      |                           void
src/core/band.h:121:29: warning: a function declaration without a prototype is deprecated in all versions of C [-Wstrict-prototypes]
  121 | extern void bandRestoreState();
      |                             ^
      |                              void
11 warnings generated.
In file included from src/ui/waterfall.c:31:
In file included from src/core/radio.h:34:
src/core/band.h:107:28: warning: a function declaration without a prototype is deprecated in all versions of C [-Wstrict-prototypes]
  107 | extern int band_get_current();
      |                            ^
      |                             void
src/core/band.h:108:35: warning: a function declaration without a prototype is deprecated in all versions of C [-Wstrict-prototypes]
  108 | extern BAND *band_get_current_band();
      |                                   ^
      |                                    void
src/core/band.h:116:45: warning: a function declaration without a prototype is deprecated in all versions of C [-Wstrict-prototypes]
  116 | extern BANDSTACK_ENTRY *bandstack_entry_next();
      |                                             ^
      |                                              void
src/core/band.h:117:49: warning: a function declaration without a prototype is deprecated in all versions of C [-Wstrict-prototypes]
  117 | extern BANDSTACK_ENTRY *bandstack_entry_previous();
      |                                                 ^
      |                                                  void
src/core/band.h:118:52: warning: a function declaration without a prototype is deprecated in all versions of C [-Wstrict-prototypes]
  118 | extern BANDSTACK_ENTRY *bandstack_entry_get_current();
      |                                                    ^
      |                                                     void
src/core/band.h:120:26: warning: a function declaration without a prototype is deprecated in all versions of C [-Wstrict-prototypes]
  120 | extern void bandSaveState();
      |                          ^
      |                           void
src/core/band.h:121:29: warning: a function declaration without a prototype is deprecated in all versions of C [-Wstrict-prototypes]
  121 | extern void bandRestoreState();
      |                             ^
      |                              void
7 warnings generated.
In file included from src/proto/protocol1.c:39:
wdsp/wdsp.h:12:19: warning: a function declaration without a prototype is deprecated in all versions of C [-Wstrict-prototypes]
   12 | int GetWDSPVersion();
      |                   ^
      |                    void
wdsp/wdsp.h:367:24: warning: a function declaration without a prototype is deprecated in all versions of C [-Wstrict-prototypes]
  367 | char *wisdom_get_status();
      |                        ^
      |                         void
In file included from src/proto/protocol1.c:41:
src/core/band.h:107:28: warning: a function declaration without a prototype is deprecated in all versions of C [-Wstrict-prototypes]
  107 | extern int band_get_current();
      |                            ^
      |                             void
src/core/band.h:108:35: warning: a function declaration without a prototype is deprecated in all versions of C [-Wstrict-prototypes]
  108 | extern BAND *band_get_current_band();
      |                                   ^
      |                                    void
src/core/band.h:116:45: warning: a function declaration without a prototype is deprecated in all versions of C [-Wstrict-prototypes]
  116 | extern BANDSTACK_ENTRY *bandstack_entry_next();
      |                                             ^
      |                                              void
src/core/band.h:117:49: warning: a function declaration without a prototype is deprecated in all versions of C [-Wstrict-prototypes]
  117 | extern BANDSTACK_ENTRY *bandstack_entry_previous();
      |                                                 ^
      |                                                  void
src/core/band.h:118:52: warning: a function declaration without a prototype is deprecated in all versions of C [-Wstrict-prototypes]
  118 | extern BANDSTACK_ENTRY *bandstack_entry_get_current();
      |                                                    ^
      |                                                     void
src/core/band.h:120:26: warning: a function declaration without a prototype is deprecated in all versions of C [-Wstrict-prototypes]
  120 | extern void bandSaveState();
      |                          ^
      |                           void
src/core/band.h:121:29: warning: a function declaration without a prototype is deprecated in all versions of C [-Wstrict-prototypes]
  121 | extern void bandRestoreState();
      |                             ^
      |                              void
In file included from src/proto/protocol1.c:46:
src/core/filter.h:46:28: warning: a function declaration without a prototype is deprecated in all versions of C [-Wstrict-prototypes]
   46 | extern void filterSaveState();
      |                            ^
      |                             void
src/core/filter.h:47:31: warning: a function declaration without a prototype is deprecated in all versions of C [-Wstrict-prototypes]
   47 | extern void filterRestoreState();
      |                               ^
      |                                void
In file included from src/proto/protocol1.c:54:
src/proto/protocol1.h:23:27: warning: a function declaration without a prototype is deprecated in all versions of C [-Wstrict-prototypes]
   23 | extern void protocol1_stop();
      |                           ^
      |                            void
src/proto/protocol1.h:24:26: warning: a function declaration without a prototype is deprecated in all versions of C [-Wstrict-prototypes]
   24 | extern void protocol1_run();
      |                          ^
      |                           void
src/proto/protocol1.h:25:32: warning: a function declaration without a prototype is deprecated in all versions of C [-Wstrict-prototypes]
   25 | extern void protocol1_reconnect();
      |                                ^
      |                                 void
src/proto/protocol1.h:34:37: warning: a function declaration without a prototype is deprecated in all versions of C [-Wstrict-prototypes]
   34 | extern gboolean protocol1_is_running();
      |                                     ^
      |                                      void
In file included from src/proto/protocol1.c:55:
src/audio/audio.h:58:28: warning: a function declaration without a prototype is deprecated in all versions of C [-Wstrict-prototypes]
   58 | extern void audio_get_cards();
      |                            ^
      |                             void
src/proto/protocol1.c:165:35: warning: a function declaration without a prototype is deprecated in all versions of C [-Wstrict-prototypes]
  165 | static void start_protocol1_thread();
      |                                   ^
      |                                    void
src/proto/protocol1.c:169:21: warning: a function declaration without a prototype is deprecated in all versions of C [-Wstrict-prototypes]
  169 | void ozy_send_buffer();
      |                     ^
      |                      void
src/proto/protocol1.c:180:26: warning: a function declaration without a prototype is deprecated in all versions of C [-Wstrict-prototypes]
  180 | static void metis_restart();
      |                          ^
      |                           void
src/proto/protocol1.c:205:20: warning: a function declaration without a prototype is deprecated in all versions of C [-Wstrict-prototypes]
  205 | void protocol1_stop() {
      |                    ^
      |                     void
src/proto/protocol1.c:210:19: warning: a function declaration without a prototype is deprecated in all versions of C [-Wstrict-prototypes]
  210 | void protocol1_run() {
      |                   ^
      |                    void
src/proto/protocol1.c:225:25: warning: a function declaration without a prototype is deprecated in all versions of C [-Wstrict-prototypes]
  225 | void protocol1_reconnect() {
      |                         ^
      |                          void
src/proto/protocol1.c:338:35: warning: a function declaration without a prototype is deprecated in all versions of C [-Wstrict-prototypes]
  338 | static void start_protocol1_thread() {
      |                                   ^
      |                                    void
src/proto/protocol1.c:497:34: warning: a function declaration without a prototype is deprecated in all versions of C [-Wstrict-prototypes]
  497 | static void process_control_bytes() {
      |                                  ^
      |                                   void
src/proto/protocol1.c:919:21: warning: a function declaration without a prototype is deprecated in all versions of C [-Wstrict-prototypes]
  919 | void ozy_send_buffer() {
      |                     ^
      |                      void
src/proto/protocol1.c:1625:26: warning: a function declaration without a prototype is deprecated in all versions of C [-Wstrict-prototypes]
 1625 | static void metis_restart() {
      |                          ^
      |                           void
src/proto/protocol1.c:1685:30: warning: a function declaration without a prototype is deprecated in all versions of C [-Wstrict-prototypes]
 1685 | gboolean protocol1_is_running() {
      |                              ^
      |                               void
27 warnings generated.
In file included from src/proto/fake_protocol.c:21:
src/core/band.h:107:28: warning: a function declaration without a prototype is deprecated in all versions of C [-Wstrict-prototypes]
  107 | extern int band_get_current();
      |                            ^
      |                             void
src/core/band.h:108:35: warning: a function declaration without a prototype is deprecated in all versions of C [-Wstrict-prototypes]
  108 | extern BAND *band_get_current_band();
      |                                   ^
      |                                    void
src/core/band.h:116:45: warning: a function declaration without a prototype is deprecated in all versions of C [-Wstrict-prototypes]
  116 | extern BANDSTACK_ENTRY *bandstack_entry_next();
      |                                             ^
      |                                              void
src/core/band.h:117:49: warning: a function declaration without a prototype is deprecated in all versions of C [-Wstrict-prototypes]
  117 | extern BANDSTACK_ENTRY *bandstack_entry_previous();
      |                                                 ^
      |                                                  void
src/core/band.h:118:52: warning: a function declaration without a prototype is deprecated in all versions of C [-Wstrict-prototypes]
  118 | extern BANDSTACK_ENTRY *bandstack_entry_get_current();
      |                                                    ^
      |                                                     void
src/core/band.h:120:26: warning: a function declaration without a prototype is deprecated in all versions of C [-Wstrict-prototypes]
  120 | extern void bandSaveState();
      |                          ^
      |                           void
src/core/band.h:121:29: warning: a function declaration without a prototype is deprecated in all versions of C [-Wstrict-prototypes]
  121 | extern void bandRestoreState();
      |                             ^
      |                              void
7 warnings generated.
In file included from src/proto/protocol2.c:44:
wdsp/wdsp.h:12:19: warning: a function declaration without a prototype is deprecated in all versions of C [-Wstrict-prototypes]
   12 | int GetWDSPVersion();
      |                   ^
      |                    void
wdsp/wdsp.h:367:24: warning: a function declaration without a prototype is deprecated in all versions of C [-Wstrict-prototypes]
  367 | char *wisdom_get_status();
      |                        ^
      |                         void
In file included from src/proto/protocol2.c:47:
src/core/band.h:107:28: warning: a function declaration without a prototype is deprecated in all versions of C [-Wstrict-prototypes]
  107 | extern int band_get_current();
      |                            ^
      |                             void
src/core/band.h:108:35: warning: a function declaration without a prototype is deprecated in all versions of C [-Wstrict-prototypes]
  108 | extern BAND *band_get_current_band();
      |                                   ^
      |                                    void
src/core/band.h:116:45: warning: a function declaration without a prototype is deprecated in all versions of C [-Wstrict-prototypes]
  116 | extern BANDSTACK_ENTRY *bandstack_entry_next();
      |                                             ^
      |                                              void
src/core/band.h:117:49: warning: a function declaration without a prototype is deprecated in all versions of C [-Wstrict-prototypes]
  117 | extern BANDSTACK_ENTRY *bandstack_entry_previous();
      |                                                 ^
      |                                                  void
src/core/band.h:118:52: warning: a function declaration without a prototype is deprecated in all versions of C [-Wstrict-prototypes]
  118 | extern BANDSTACK_ENTRY *bandstack_entry_get_current();
      |                                                    ^
      |                                                     void
src/core/band.h:120:26: warning: a function declaration without a prototype is deprecated in all versions of C [-Wstrict-prototypes]
  120 | extern void bandSaveState();
      |                          ^
      |                           void
src/core/band.h:121:29: warning: a function declaration without a prototype is deprecated in all versions of C [-Wstrict-prototypes]
  121 | extern void bandRestoreState();
      |                             ^
      |                              void
In file included from src/proto/protocol2.c:52:
src/core/filter.h:46:28: warning: a function declaration without a prototype is deprecated in all versions of C [-Wstrict-prototypes]
   46 | extern void filterSaveState();
      |                            ^
      |                             void
src/core/filter.h:47:31: warning: a function declaration without a prototype is deprecated in all versions of C [-Wstrict-prototypes]
   47 | extern void filterRestoreState();
      |                               ^
      |                                void
In file included from src/proto/protocol2.c:61:
src/audio/audio.h:58:28: warning: a function declaration without a prototype is deprecated in all versions of C [-Wstrict-prototypes]
   58 | extern void audio_get_cards();
      |                            ^
      |                             void
In file included from src/proto/protocol2.c:69:
src/proto/protocol2.h:60:27: warning: a function declaration without a prototype is deprecated in all versions of C [-Wstrict-prototypes]
   60 | extern void protocol2_stop();
      |                           ^
      |                            void
src/proto/protocol2.h:61:26: warning: a function declaration without a prototype is deprecated in all versions of C [-Wstrict-prototypes]
   61 | extern void protocol2_run();
      |                          ^
      |                           void
src/proto/protocol2.h:62:32: warning: a function declaration without a prototype is deprecated in all versions of C [-Wstrict-prototypes]
   62 | extern void protocol2_reconnect();
      |                                ^
      |                                 void
src/proto/protocol2.h:65:36: warning: a function declaration without a prototype is deprecated in all versions of C [-Wstrict-prototypes]
   65 | extern void protocol2_high_priority();
      |                                    ^
      |                                     void
src/proto/protocol2.h:66:30: warning: a function declaration without a prototype is deprecated in all versions of C [-Wstrict-prototypes]
   66 | extern void protocol2_general();
      |                              ^
      |                               void
src/proto/protocol2.h:67:39: warning: a function declaration without a prototype is deprecated in all versions of C [-Wstrict-prototypes]
   67 | extern void protocol2_receive_specific();
      |                                       ^
      |                                        void
src/proto/protocol2.h:70:36: warning: a function declaration without a prototype is deprecated in all versions of C [-Wstrict-prototypes]
   70 | extern void protocol2_stop_wideband();
      |                                    ^
      |                                     void
src/proto/protocol2.h:72:33: warning: a function declaration without a prototype is deprecated in all versions of C [-Wstrict-prototypes]
   72 | extern void filter_board_changed();
      |                                 ^
      |                                  void
src/proto/protocol2.h:73:23: warning: a function declaration without a prototype is deprecated in all versions of C [-Wstrict-prototypes]
   73 | extern void pa_changed();
      |                       ^
      |                        void
src/proto/protocol2.h:74:26: warning: a function declaration without a prototype is deprecated in all versions of C [-Wstrict-prototypes]
   74 | extern void tuner_changed();
      |                          ^
      |                           void
src/proto/protocol2.h:75:23: warning: a function declaration without a prototype is deprecated in all versions of C [-Wstrict-prototypes]
   75 | extern void cw_changed();
      |                       ^
      |                        void
src/proto/protocol2.h:78:18: warning: a function declaration without a prototype is deprecated in all versions of C [-Wstrict-prototypes]
   78 | extern int getMox();
      |                  ^
      |                   void
src/proto/protocol2.h:80:19: warning: a function declaration without a prototype is deprecated in all versions of C [-Wstrict-prototypes]
   80 | extern int getTune();
      |                   ^
      |                    void
src/proto/protocol2.h:85:37: warning: a function declaration without a prototype is deprecated in all versions of C [-Wstrict-prototypes]
   85 | extern gboolean protocol2_is_running();
      |                                     ^
      |                                      void
src/proto/protocol2.c:181:26: warning: a function declaration without a prototype is deprecated in all versions of C [-Wstrict-prototypes]
  181 | void filter_board_changed() {
      |                          ^
      |                           void
src/proto/protocol2.c:195:16: warning: a function declaration without a prototype is deprecated in all versions of C [-Wstrict-prototypes]
  195 | void cw_changed() {
      |                ^
      |                 void
src/proto/protocol2.c:220:29: warning: a function declaration without a prototype is deprecated in all versions of C [-Wstrict-prototypes]
  220 | void protocol2_stop_wideband() {
      |                             ^
      |                              void
src/proto/protocol2.c:318:23: warning: a function declaration without a prototype is deprecated in all versions of C [-Wstrict-prototypes]
  318 | void protocol2_general() {
      |                       ^
      |                        void
src/proto/protocol2.c:380:29: warning: a function declaration without a prototype is deprecated in all versions of C [-Wstrict-prototypes]
  380 | void protocol2_high_priority() {
      |                             ^
      |                              void
src/proto/protocol2.c:896:40: warning: a function declaration without a prototype is deprecated in all versions of C [-Wstrict-prototypes]
  896 | static void protocol2_transmit_specific() {
      |                                        ^
      |                                         void
src/proto/protocol2.c:987:32: warning: a function declaration without a prototype is deprecated in all versions of C [-Wstrict-prototypes]
  987 | void protocol2_receive_specific() {
      |                                ^
      |                                 void
src/proto/protocol2.c:1046:28: warning: a function declaration without a prototype is deprecated in all versions of C [-Wstrict-prototypes]
 1046 | static void protocol2_start() {
      |                            ^
      |                             void
src/proto/protocol2.c:1059:20: warning: a function declaration without a prototype is deprecated in all versions of C [-Wstrict-prototypes]
 1059 | void protocol2_stop() {
      |                    ^
      |                     void
src/proto/protocol2.c:1066:19: warning: a function declaration without a prototype is deprecated in all versions of C [-Wstrict-prototypes]
 1066 | void protocol2_run() {
      |                   ^
      |                    void
src/proto/protocol2.c:1073:25: warning: a function declaration without a prototype is deprecated in all versions of C [-Wstrict-prototypes]
 1073 | void protocol2_reconnect() {
      |                         ^
      |                          void
src/proto/protocol2.c:1571:30: warning: a function declaration without a prototype is deprecated in all versions of C [-Wstrict-prototypes]
 1571 | gboolean protocol2_is_running() {
      |                              ^
      |                               void
38 warnings generated.
In file included from src/proto/reconnect.c:30:
In file included from src/core/radio.h:34:
src/core/band.h:107:28: warning: a function declaration without a prototype is deprecated in all versions of C [-Wstrict-prototypes]
  107 | extern int band_get_current();
      |                            ^
      |                             void
src/core/band.h:108:35: warning: a function declaration without a prototype is deprecated in all versions of C [-Wstrict-prototypes]
  108 | extern BAND *band_get_current_band();
      |                                   ^
      |                                    void
src/core/band.h:116:45: warning: a function declaration without a prototype is deprecated in all versions of C [-Wstrict-prototypes]
  116 | extern BANDSTACK_ENTRY *bandstack_entry_next();
      |                                             ^
      |                                              void
src/core/band.h:117:49: warning: a function declaration without a prototype is deprecated in all versions of C [-Wstrict-prototypes]
  117 | extern BANDSTACK_ENTRY *bandstack_entry_previous();
      |                                                 ^
      |                                                  void
src/core/band.h:118:52: warning: a function declaration without a prototype is deprecated in all versions of C [-Wstrict-prototypes]
  118 | extern BANDSTACK_ENTRY *bandstack_entry_get_current();
      |                                                    ^
      |                                                     void
src/core/band.h:120:26: warning: a function declaration without a prototype is deprecated in all versions of C [-Wstrict-prototypes]
  120 | extern void bandSaveState();
      |                          ^
      |                           void
src/core/band.h:121:29: warning: a function declaration without a prototype is deprecated in all versions of C [-Wstrict-prototypes]
  121 | extern void bandRestoreState();
      |                             ^
      |                              void
In file included from src/proto/reconnect.c:32:
src/proto/protocol1.h:23:27: warning: a function declaration without a prototype is deprecated in all versions of C [-Wstrict-prototypes]
   23 | extern void protocol1_stop();
      |                           ^
      |                            void
src/proto/protocol1.h:24:26: warning: a function declaration without a prototype is deprecated in all versions of C [-Wstrict-prototypes]
   24 | extern void protocol1_run();
      |                          ^
      |                           void
src/proto/protocol1.h:25:32: warning: a function declaration without a prototype is deprecated in all versions of C [-Wstrict-prototypes]
   25 | extern void protocol1_reconnect();
      |                                ^
      |                                 void
src/proto/protocol1.h:34:37: warning: a function declaration without a prototype is deprecated in all versions of C [-Wstrict-prototypes]
   34 | extern gboolean protocol1_is_running();
      |                                     ^
      |                                      void
In file included from src/proto/reconnect.c:33:
src/proto/protocol2.h:60:27: warning: a function declaration without a prototype is deprecated in all versions of C [-Wstrict-prototypes]
   60 | extern void protocol2_stop();
      |                           ^
      |                            void
src/proto/protocol2.h:61:26: warning: a function declaration without a prototype is deprecated in all versions of C [-Wstrict-prototypes]
   61 | extern void protocol2_run();
      |                          ^
      |                           void
src/proto/protocol2.h:62:32: warning: a function declaration without a prototype is deprecated in all versions of C [-Wstrict-prototypes]
   62 | extern void protocol2_reconnect();
      |                                ^
      |                                 void
src/proto/protocol2.h:65:36: warning: a function declaration without a prototype is deprecated in all versions of C [-Wstrict-prototypes]
   65 | extern void protocol2_high_priority();
      |                                    ^
      |                                     void
src/proto/protocol2.h:66:30: warning: a function declaration without a prototype is deprecated in all versions of C [-Wstrict-prototypes]
   66 | extern void protocol2_general();
      |                              ^
      |                               void
src/proto/protocol2.h:67:39: warning: a function declaration without a prototype is deprecated in all versions of C [-Wstrict-prototypes]
   67 | extern void protocol2_receive_specific();
      |                                       ^
      |                                        void
src/proto/protocol2.h:70:36: warning: a function declaration without a prototype is deprecated in all versions of C [-Wstrict-prototypes]
   70 | extern void protocol2_stop_wideband();
      |                                    ^
      |                                     void
src/proto/protocol2.h:72:33: warning: a function declaration without a prototype is deprecated in all versions of C [-Wstrict-prototypes]
   72 | extern void filter_board_changed();
      |                                 ^
      |                                  void
src/proto/protocol2.h:73:23: warning: a function declaration without a prototype is deprecated in all versions of C [-Wstrict-prototypes]
   73 | extern void pa_changed();
      |                       ^
      |                        void
src/proto/protocol2.h:74:26: warning: a function declaration without a prototype is deprecated in all versions of C [-Wstrict-prototypes]
   74 | extern void tuner_changed();
      |                          ^
      |                           void
src/proto/protocol2.h:75:23: warning: a function declaration without a prototype is deprecated in all versions of C [-Wstrict-prototypes]
   75 | extern void cw_changed();
      |                       ^
      |                        void
src/proto/protocol2.h:78:18: warning: a function declaration without a prototype is deprecated in all versions of C [-Wstrict-prototypes]
   78 | extern int getMox();
      |                  ^
      |                   void
src/proto/protocol2.h:80:19: warning: a function declaration without a prototype is deprecated in all versions of C [-Wstrict-prototypes]
   80 | extern int getTune();
      |                   ^
      |                    void
src/proto/protocol2.h:85:37: warning: a function declaration without a prototype is deprecated in all versions of C [-Wstrict-prototypes]
   85 | extern gboolean protocol2_is_running();
      |                                     ^
      |                                      void
In file included from src/proto/reconnect.c:35:
src/proto/soapy_protocol.h:25:33: warning: a function declaration without a prototype is deprecated in all versions of C [-Wstrict-prototypes]
   25 | SoapySDRDevice *get_soapy_device();
      |                                 ^
      |                                  void
src/proto/soapy_protocol.h:31:25: warning: a function declaration without a prototype is deprecated in all versions of C [-Wstrict-prototypes]
   31 | void soapy_protocol_stop();
      |                         ^
      |                          void
src/proto/soapy_protocol.h:44:29: warning: a function declaration without a prototype is deprecated in all versions of C [-Wstrict-prototypes]
   44 | void soapy_protocol_rx_pause();
      |                             ^
      |                              void
src/proto/soapy_protocol.h:45:30: warning: a function declaration without a prototype is deprecated in all versions of C [-Wstrict-prototypes]
   45 | void soapy_protocol_rx_resume();
      |                              ^
      |                               void
src/proto/soapy_protocol.h:56:35: warning: a function declaration without a prototype is deprecated in all versions of C [-Wstrict-prototypes]
   56 | gboolean soapy_protocol_is_running();
      |                                   ^
      |                                    void
30 warnings generated.
In file included from src/ui/radio_dialog.c:37:
In file included from src/core/radio.h:34:
src/core/band.h:107:28: warning: a function declaration without a prototype is deprecated in all versions of C [-Wstrict-prototypes]
  107 | extern int band_get_current();
      |                            ^
      |                             void
src/core/band.h:108:35: warning: a function declaration without a prototype is deprecated in all versions of C [-Wstrict-prototypes]
  108 | extern BAND *band_get_current_band();
      |                                   ^
      |                                    void
src/core/band.h:116:45: warning: a function declaration without a prototype is deprecated in all versions of C [-Wstrict-prototypes]
  116 | extern BANDSTACK_ENTRY *bandstack_entry_next();
      |                                             ^
      |                                              void
src/core/band.h:117:49: warning: a function declaration without a prototype is deprecated in all versions of C [-Wstrict-prototypes]
  117 | extern BANDSTACK_ENTRY *bandstack_entry_previous();
      |                                                 ^
      |                                                  void
src/core/band.h:118:52: warning: a function declaration without a prototype is deprecated in all versions of C [-Wstrict-prototypes]
  118 | extern BANDSTACK_ENTRY *bandstack_entry_get_current();
      |                                                    ^
      |                                                     void
src/core/band.h:120:26: warning: a function declaration without a prototype is deprecated in all versions of C [-Wstrict-prototypes]
  120 | extern void bandSaveState();
      |                          ^
      |                           void
src/core/band.h:121:29: warning: a function declaration without a prototype is deprecated in all versions of C [-Wstrict-prototypes]
  121 | extern void bandRestoreState();
      |                             ^
      |                              void
In file included from src/ui/radio_dialog.c:39:
src/proto/protocol1.h:23:27: warning: a function declaration without a prototype is deprecated in all versions of C [-Wstrict-prototypes]
   23 | extern void protocol1_stop();
      |                           ^
      |                            void
src/proto/protocol1.h:24:26: warning: a function declaration without a prototype is deprecated in all versions of C [-Wstrict-prototypes]
   24 | extern void protocol1_run();
      |                          ^
      |                           void
src/proto/protocol1.h:25:32: warning: a function declaration without a prototype is deprecated in all versions of C [-Wstrict-prototypes]
   25 | extern void protocol1_reconnect();
      |                                ^
      |                                 void
src/proto/protocol1.h:34:37: warning: a function declaration without a prototype is deprecated in all versions of C [-Wstrict-prototypes]
   34 | extern gboolean protocol1_is_running();
      |                                     ^
      |                                      void
In file included from src/ui/radio_dialog.c:40:
src/proto/protocol2.h:60:27: warning: a function declaration without a prototype is deprecated in all versions of C [-Wstrict-prototypes]
   60 | extern void protocol2_stop();
      |                           ^
      |                            void
src/proto/protocol2.h:61:26: warning: a function declaration without a prototype is deprecated in all versions of C [-Wstrict-prototypes]
   61 | extern void protocol2_run();
      |                          ^
      |                           void
src/proto/protocol2.h:62:32: warning: a function declaration without a prototype is deprecated in all versions of C [-Wstrict-prototypes]
   62 | extern void protocol2_reconnect();
      |                                ^
      |                                 void
src/proto/protocol2.h:65:36: warning: a function declaration without a prototype is deprecated in all versions of C [-Wstrict-prototypes]
   65 | extern void protocol2_high_priority();
      |                                    ^
      |                                     void
src/proto/protocol2.h:66:30: warning: a function declaration without a prototype is deprecated in all versions of C [-Wstrict-prototypes]
   66 | extern void protocol2_general();
      |                              ^
      |                               void
src/proto/protocol2.h:67:39: warning: a function declaration without a prototype is deprecated in all versions of C [-Wstrict-prototypes]
   67 | extern void protocol2_receive_specific();
      |                                       ^
      |                                        void
src/proto/protocol2.h:70:36: warning: a function declaration without a prototype is deprecated in all versions of C [-Wstrict-prototypes]
   70 | extern void protocol2_stop_wideband();
      |                                    ^
      |                                     void
src/proto/protocol2.h:72:33: warning: a function declaration without a prototype is deprecated in all versions of C [-Wstrict-prototypes]
   72 | extern void filter_board_changed();
      |                                 ^
      |                                  void
src/proto/protocol2.h:73:23: warning: a function declaration without a prototype is deprecated in all versions of C [-Wstrict-prototypes]
   73 | extern void pa_changed();
      |                       ^
      |                        void
src/proto/protocol2.h:74:26: warning: a function declaration without a prototype is deprecated in all versions of C [-Wstrict-prototypes]
   74 | extern void tuner_changed();
      |                          ^
      |                           void
src/proto/protocol2.h:75:23: warning: a function declaration without a prototype is deprecated in all versions of C [-Wstrict-prototypes]
   75 | extern void cw_changed();
      |                       ^
      |                        void
src/proto/protocol2.h:78:18: warning: a function declaration without a prototype is deprecated in all versions of C [-Wstrict-prototypes]
   78 | extern int getMox();
      |                  ^
      |                   void
src/proto/protocol2.h:80:19: warning: a function declaration without a prototype is deprecated in all versions of C [-Wstrict-prototypes]
   80 | extern int getTune();
      |                   ^
      |                    void
src/proto/protocol2.h:85:37: warning: a function declaration without a prototype is deprecated in all versions of C [-Wstrict-prototypes]
   85 | extern gboolean protocol2_is_running();
      |                                     ^
      |                                      void
In file included from src/ui/radio_dialog.c:42:
src/proto/soapy_protocol.h:25:33: warning: a function declaration without a prototype is deprecated in all versions of C [-Wstrict-prototypes]
   25 | SoapySDRDevice *get_soapy_device();
      |                                 ^
      |                                  void
src/proto/soapy_protocol.h:31:25: warning: a function declaration without a prototype is deprecated in all versions of C [-Wstrict-prototypes]
   31 | void soapy_protocol_stop();
      |                         ^
      |                          void
src/proto/soapy_protocol.h:44:29: warning: a function declaration without a prototype is deprecated in all versions of C [-Wstrict-prototypes]
   44 | void soapy_protocol_rx_pause();
      |                             ^
      |                              void
src/proto/soapy_protocol.h:45:30: warning: a function declaration without a prototype is deprecated in all versions of C [-Wstrict-prototypes]
   45 | void soapy_protocol_rx_resume();
      |                              ^
      |                               void
src/proto/soapy_protocol.h:56:35: warning: a function declaration without a prototype is deprecated in all versions of C [-Wstrict-prototypes]
   56 | gboolean soapy_protocol_is_running();
      |                                   ^
      |                                    void
In file included from src/ui/radio_dialog.c:44:
src/audio/audio.h:58:28: warning: a function declaration without a prototype is deprecated in all versions of C [-Wstrict-prototypes]
   58 | extern void audio_get_cards();
      |                            ^
      |                             void
src/ui/radio_dialog.c:92:41: warning: a function declaration without a prototype is deprecated in all versions of C [-Wstrict-prototypes]
   92 | static void radio_dialog_update_controls() {
      |                                         ^
      |                                          void
32 warnings generated.
In file included from src/ui/cw_dialog.c:30:
In file included from src/core/radio.h:34:
src/core/band.h:107:28: warning: a function declaration without a prototype is deprecated in all versions of C [-Wstrict-prototypes]
  107 | extern int band_get_current();
      |                            ^
      |                             void
src/core/band.h:108:35: warning: a function declaration without a prototype is deprecated in all versions of C [-Wstrict-prototypes]
  108 | extern BAND *band_get_current_band();
      |                                   ^
      |                                    void
src/core/band.h:116:45: warning: a function declaration without a prototype is deprecated in all versions of C [-Wstrict-prototypes]
  116 | extern BANDSTACK_ENTRY *bandstack_entry_next();
      |                                             ^
      |                                              void
src/core/band.h:117:49: warning: a function declaration without a prototype is deprecated in all versions of C [-Wstrict-prototypes]
  117 | extern BANDSTACK_ENTRY *bandstack_entry_previous();
      |                                                 ^
      |                                                  void
src/core/band.h:118:52: warning: a function declaration without a prototype is deprecated in all versions of C [-Wstrict-prototypes]
  118 | extern BANDSTACK_ENTRY *bandstack_entry_get_current();
      |                                                    ^
      |                                                     void
src/core/band.h:120:26: warning: a function declaration without a prototype is deprecated in all versions of C [-Wstrict-prototypes]
  120 | extern void bandSaveState();
      |                          ^
      |                           void
src/core/band.h:121:29: warning: a function declaration without a prototype is deprecated in all versions of C [-Wstrict-prototypes]
  121 | extern void bandRestoreState();
      |                             ^
      |                              void
7 warnings generated.
In file included from src/ui/receiver_dialog.c:29:
wdsp/wdsp.h:12:19: warning: a function declaration without a prototype is deprecated in all versions of C [-Wstrict-prototypes]
   12 | int GetWDSPVersion();
      |                   ^
      |                    void
wdsp/wdsp.h:367:24: warning: a function declaration without a prototype is deprecated in all versions of C [-Wstrict-prototypes]
  367 | char *wisdom_get_status();
      |                        ^
      |                         void
In file included from src/ui/receiver_dialog.c:35:
src/core/filter.h:46:28: warning: a function declaration without a prototype is deprecated in all versions of C [-Wstrict-prototypes]
   46 | extern void filterSaveState();
      |                            ^
      |                             void
src/core/filter.h:47:31: warning: a function declaration without a prototype is deprecated in all versions of C [-Wstrict-prototypes]
   47 | extern void filterRestoreState();
      |                               ^
      |                                void
In file included from src/ui/receiver_dialog.c:36:
src/core/band.h:107:28: warning: a function declaration without a prototype is deprecated in all versions of C [-Wstrict-prototypes]
  107 | extern int band_get_current();
      |                            ^
      |                             void
src/core/band.h:108:35: warning: a function declaration without a prototype is deprecated in all versions of C [-Wstrict-prototypes]
  108 | extern BAND *band_get_current_band();
      |                                   ^
      |                                    void
src/core/band.h:116:45: warning: a function declaration without a prototype is deprecated in all versions of C [-Wstrict-prototypes]
  116 | extern BANDSTACK_ENTRY *bandstack_entry_next();
      |                                             ^
      |                                              void
src/core/band.h:117:49: warning: a function declaration without a prototype is deprecated in all versions of C [-Wstrict-prototypes]
  117 | extern BANDSTACK_ENTRY *bandstack_entry_previous();
      |                                                 ^
      |                                                  void
src/core/band.h:118:52: warning: a function declaration without a prototype is deprecated in all versions of C [-Wstrict-prototypes]
  118 | extern BANDSTACK_ENTRY *bandstack_entry_get_current();
      |                                                    ^
      |                                                     void
src/core/band.h:120:26: warning: a function declaration without a prototype is deprecated in all versions of C [-Wstrict-prototypes]
  120 | extern void bandSaveState();
      |                          ^
      |                           void
src/core/band.h:121:29: warning: a function declaration without a prototype is deprecated in all versions of C [-Wstrict-prototypes]
  121 | extern void bandRestoreState();
      |                             ^
      |                              void
In file included from src/ui/receiver_dialog.c:46:
src/audio/audio.h:58:28: warning: a function declaration without a prototype is deprecated in all versions of C [-Wstrict-prototypes]
   58 | extern void audio_get_cards();
      |                            ^
      |                             void
In file included from src/ui/receiver_dialog.c:48:
src/proto/rigctl.h:10:27: warning: a function declaration without a prototype is deprecated in all versions of C [-Wstrict-prototypes]
   10 | extern int   rigctlGetMode();
      |                           ^
      |                            void
src/proto/rigctl.h:12:30: warning: a function declaration without a prototype is deprecated in all versions of C [-Wstrict-prototypes]
   12 | extern char * rigctlGetFilter();
      |                              ^
      |                               void
14 warnings generated.
In file included from src/ui/transmitter_dialog.c:30:
wdsp/wdsp.h:12:19: warning: a function declaration without a prototype is deprecated in all versions of C [-Wstrict-prototypes]
   12 | int GetWDSPVersion();
      |                   ^
      |                    void
wdsp/wdsp.h:367:24: warning: a function declaration without a prototype is deprecated in all versions of C [-Wstrict-prototypes]
  367 | char *wisdom_get_status();
      |                        ^
      |                         void
In file included from src/ui/transmitter_dialog.c:39:
In file included from src/core/radio.h:34:
src/core/band.h:107:28: warning: a function declaration without a prototype is deprecated in all versions of C [-Wstrict-prototypes]
  107 | extern int band_get_current();
      |                            ^
      |                             void
src/core/band.h:108:35: warning: a function declaration without a prototype is deprecated in all versions of C [-Wstrict-prototypes]
  108 | extern BAND *band_get_current_band();
      |                                   ^
      |                                    void
src/core/band.h:116:45: warning: a function declaration without a prototype is deprecated in all versions of C [-Wstrict-prototypes]
  116 | extern BANDSTACK_ENTRY *bandstack_entry_next();
      |                                             ^
      |                                              void
src/core/band.h:117:49: warning: a function declaration without a prototype is deprecated in all versions of C [-Wstrict-prototypes]
  117 | extern BANDSTACK_ENTRY *bandstack_entry_previous();
      |                                                 ^
      |                                                  void
src/core/band.h:118:52: warning: a function declaration without a prototype is deprecated in all versions of C [-Wstrict-prototypes]
  118 | extern BANDSTACK_ENTRY *bandstack_entry_get_current();
      |                                                    ^
      |                                                     void
src/core/band.h:120:26: warning: a function declaration without a prototype is deprecated in all versions of C [-Wstrict-prototypes]
  120 | extern void bandSaveState();
      |                          ^
      |                           void
src/core/band.h:121:29: warning: a function declaration without a prototype is deprecated in all versions of C [-Wstrict-prototypes]
  121 | extern void bandRestoreState();
      |                             ^
      |                              void
In file included from src/ui/transmitter_dialog.c:42:
src/proto/protocol1.h:23:27: warning: a function declaration without a prototype is deprecated in all versions of C [-Wstrict-prototypes]
   23 | extern void protocol1_stop();
      |                           ^
      |                            void
src/proto/protocol1.h:24:26: warning: a function declaration without a prototype is deprecated in all versions of C [-Wstrict-prototypes]
   24 | extern void protocol1_run();
      |                          ^
      |                           void
src/proto/protocol1.h:25:32: warning: a function declaration without a prototype is deprecated in all versions of C [-Wstrict-prototypes]
   25 | extern void protocol1_reconnect();
      |                                ^
      |                                 void
src/proto/protocol1.h:34:37: warning: a function declaration without a prototype is deprecated in all versions of C [-Wstrict-prototypes]
   34 | extern gboolean protocol1_is_running();
      |                                     ^
      |                                      void
In file included from src/ui/transmitter_dialog.c:43:
src/proto/protocol2.h:60:27: warning: a function declaration without a prototype is deprecated in all versions of C [-Wstrict-prototypes]
   60 | extern void protocol2_stop();
      |                           ^
      |                            void
src/proto/protocol2.h:61:26: warning: a function declaration without a prototype is deprecated in all versions of C [-Wstrict-prototypes]
   61 | extern void protocol2_run();
      |                          ^
      |                           void
src/proto/protocol2.h:62:32: warning: a function declaration without a prototype is deprecated in all versions of C [-Wstrict-prototypes]
   62 | extern void protocol2_reconnect();
      |                                ^
      |                                 void
src/proto/protocol2.h:65:36: warning: a function declaration without a prototype is deprecated in all versions of C [-Wstrict-prototypes]
   65 | extern void protocol2_high_priority();
      |                                    ^
      |                                     void
src/proto/protocol2.h:66:30: warning: a function declaration without a prototype is deprecated in all versions of C [-Wstrict-prototypes]
   66 | extern void protocol2_general();
      |                              ^
      |                               void
src/proto/protocol2.h:67:39: warning: a function declaration without a prototype is deprecated in all versions of C [-Wstrict-prototypes]
   67 | extern void protocol2_receive_specific();
      |                                       ^
      |                                        void
src/proto/protocol2.h:70:36: warning: a function declaration without a prototype is deprecated in all versions of C [-Wstrict-prototypes]
   70 | extern void protocol2_stop_wideband();
      |                                    ^
      |                                     void
src/proto/protocol2.h:72:33: warning: a function declaration without a prototype is deprecated in all versions of C [-Wstrict-prototypes]
   72 | extern void filter_board_changed();
      |                                 ^
      |                                  void
src/proto/protocol2.h:73:23: warning: a function declaration without a prototype is deprecated in all versions of C [-Wstrict-prototypes]
   73 | extern void pa_changed();
      |                       ^
      |                        void
src/proto/protocol2.h:74:26: warning: a function declaration without a prototype is deprecated in all versions of C [-Wstrict-prototypes]
   74 | extern void tuner_changed();
      |                          ^
      |                           void
src/proto/protocol2.h:75:23: warning: a function declaration without a prototype is deprecated in all versions of C [-Wstrict-prototypes]
   75 | extern void cw_changed();
      |                       ^
      |                        void
src/proto/protocol2.h:78:18: warning: a function declaration without a prototype is deprecated in all versions of C [-Wstrict-prototypes]
   78 | extern int getMox();
      |                  ^
      |                   void
src/proto/protocol2.h:80:19: warning: a function declaration without a prototype is deprecated in all versions of C [-Wstrict-prototypes]
   80 | extern int getTune();
      |                   ^
      |                    void
src/proto/protocol2.h:85:37: warning: a function declaration without a prototype is deprecated in all versions of C [-Wstrict-prototypes]
   85 | extern gboolean protocol2_is_running();
      |                                     ^
      |                                      void
In file included from src/ui/transmitter_dialog.c:44:
src/audio/audio.h:58:28: warning: a function declaration without a prototype is deprecated in all versions of C [-Wstrict-prototypes]
   58 | extern void audio_get_cards();
      |                            ^
      |                             void
28 warnings generated.
In file included from src/ui/pa_dialog.c:30:
wdsp/wdsp.h:12:19: warning: a function declaration without a prototype is deprecated in all versions of C [-Wstrict-prototypes]
   12 | int GetWDSPVersion();
      |                   ^
      |                    void
wdsp/wdsp.h:367:24: warning: a function declaration without a prototype is deprecated in all versions of C [-Wstrict-prototypes]
  367 | char *wisdom_get_status();
      |                        ^
      |                         void
In file included from src/ui/pa_dialog.c:39:
In file included from src/core/radio.h:34:
src/core/band.h:107:28: warning: a function declaration without a prototype is deprecated in all versions of C [-Wstrict-prototypes]
  107 | extern int band_get_current();
      |                            ^
      |                             void
src/core/band.h:108:35: warning: a function declaration without a prototype is deprecated in all versions of C [-Wstrict-prototypes]
  108 | extern BAND *band_get_current_band();
      |                                   ^
      |                                    void
src/core/band.h:116:45: warning: a function declaration without a prototype is deprecated in all versions of C [-Wstrict-prototypes]
  116 | extern BANDSTACK_ENTRY *bandstack_entry_next();
      |                                             ^
      |                                              void
src/core/band.h:117:49: warning: a function declaration without a prototype is deprecated in all versions of C [-Wstrict-prototypes]
  117 | extern BANDSTACK_ENTRY *bandstack_entry_previous();
      |                                                 ^
      |                                                  void
src/core/band.h:118:52: warning: a function declaration without a prototype is deprecated in all versions of C [-Wstrict-prototypes]
  118 | extern BANDSTACK_ENTRY *bandstack_entry_get_current();
      |                                                    ^
      |                                                     void
src/core/band.h:120:26: warning: a function declaration without a prototype is deprecated in all versions of C [-Wstrict-prototypes]
  120 | extern void bandSaveState();
      |                          ^
      |                           void
src/core/band.h:121:29: warning: a function declaration without a prototype is deprecated in all versions of C [-Wstrict-prototypes]
  121 | extern void bandRestoreState();
      |                             ^
      |                              void
In file included from src/ui/pa_dialog.c:42:
src/proto/protocol1.h:23:27: warning: a function declaration without a prototype is deprecated in all versions of C [-Wstrict-prototypes]
   23 | extern void protocol1_stop();
      |                           ^
      |                            void
src/proto/protocol1.h:24:26: warning: a function declaration without a prototype is deprecated in all versions of C [-Wstrict-prototypes]
   24 | extern void protocol1_run();
      |                          ^
      |                           void
src/proto/protocol1.h:25:32: warning: a function declaration without a prototype is deprecated in all versions of C [-Wstrict-prototypes]
   25 | extern void protocol1_reconnect();
      |                                ^
      |                                 void
src/proto/protocol1.h:34:37: warning: a function declaration without a prototype is deprecated in all versions of C [-Wstrict-prototypes]
   34 | extern gboolean protocol1_is_running();
      |                                     ^
      |                                      void
In file included from src/ui/pa_dialog.c:43:
src/proto/protocol2.h:60:27: warning: a function declaration without a prototype is deprecated in all versions of C [-Wstrict-prototypes]
   60 | extern void protocol2_stop();
      |                           ^
      |                            void
src/proto/protocol2.h:61:26: warning: a function declaration without a prototype is deprecated in all versions of C [-Wstrict-prototypes]
   61 | extern void protocol2_run();
      |                          ^
      |                           void
src/proto/protocol2.h:62:32: warning: a function declaration without a prototype is deprecated in all versions of C [-Wstrict-prototypes]
   62 | extern void protocol2_reconnect();
      |                                ^
      |                                 void
src/proto/protocol2.h:65:36: warning: a function declaration without a prototype is deprecated in all versions of C [-Wstrict-prototypes]
   65 | extern void protocol2_high_priority();
      |                                    ^
      |                                     void
src/proto/protocol2.h:66:30: warning: a function declaration without a prototype is deprecated in all versions of C [-Wstrict-prototypes]
   66 | extern void protocol2_general();
      |                              ^
      |                               void
src/proto/protocol2.h:67:39: warning: a function declaration without a prototype is deprecated in all versions of C [-Wstrict-prototypes]
   67 | extern void protocol2_receive_specific();
      |                                       ^
      |                                        void
src/proto/protocol2.h:70:36: warning: a function declaration without a prototype is deprecated in all versions of C [-Wstrict-prototypes]
   70 | extern void protocol2_stop_wideband();
      |                                    ^
      |                                     void
src/proto/protocol2.h:72:33: warning: a function declaration without a prototype is deprecated in all versions of C [-Wstrict-prototypes]
   72 | extern void filter_board_changed();
      |                                 ^
      |                                  void
src/proto/protocol2.h:73:23: warning: a function declaration without a prototype is deprecated in all versions of C [-Wstrict-prototypes]
   73 | extern void pa_changed();
      |                       ^
      |                        void
src/proto/protocol2.h:74:26: warning: a function declaration without a prototype is deprecated in all versions of C [-Wstrict-prototypes]
   74 | extern void tuner_changed();
      |                          ^
      |                           void
src/proto/protocol2.h:75:23: warning: a function declaration without a prototype is deprecated in all versions of C [-Wstrict-prototypes]
   75 | extern void cw_changed();
      |                       ^
      |                        void
src/proto/protocol2.h:78:18: warning: a function declaration without a prototype is deprecated in all versions of C [-Wstrict-prototypes]
   78 | extern int getMox();
      |                  ^
      |                   void
src/proto/protocol2.h:80:19: warning: a function declaration without a prototype is deprecated in all versions of C [-Wstrict-prototypes]
   80 | extern int getTune();
      |                   ^
      |                    void
src/proto/protocol2.h:85:37: warning: a function declaration without a prototype is deprecated in all versions of C [-Wstrict-prototypes]
   85 | extern gboolean protocol2_is_running();
      |                                     ^
      |                                      void
In file included from src/ui/pa_dialog.c:44:
src/audio/audio.h:58:28: warning: a function declaration without a prototype is deprecated in all versions of C [-Wstrict-prototypes]
   58 | extern void audio_get_cards();
      |                            ^
      |                             void
28 warnings generated.
In file included from src/ui/eer_dialog.c:24:
wdsp/wdsp.h:12:19: warning: a function declaration without a prototype is deprecated in all versions of C [-Wstrict-prototypes]
   12 | int GetWDSPVersion();
      |                   ^
      |                    void
wdsp/wdsp.h:367:24: warning: a function declaration without a prototype is deprecated in all versions of C [-Wstrict-prototypes]
  367 | char *wisdom_get_status();
      |                        ^
      |                         void
In file included from src/ui/eer_dialog.c:37:
In file included from src/core/radio.h:34:
src/core/band.h:107:28: warning: a function declaration without a prototype is deprecated in all versions of C [-Wstrict-prototypes]
  107 | extern int band_get_current();
      |                            ^
      |                             void
src/core/band.h:108:35: warning: a function declaration without a prototype is deprecated in all versions of C [-Wstrict-prototypes]
  108 | extern BAND *band_get_current_band();
      |                                   ^
      |                                    void
src/core/band.h:116:45: warning: a function declaration without a prototype is deprecated in all versions of C [-Wstrict-prototypes]
  116 | extern BANDSTACK_ENTRY *bandstack_entry_next();
      |                                             ^
      |                                              void
src/core/band.h:117:49: warning: a function declaration without a prototype is deprecated in all versions of C [-Wstrict-prototypes]
  117 | extern BANDSTACK_ENTRY *bandstack_entry_previous();
      |                                                 ^
      |                                                  void
src/core/band.h:118:52: warning: a function declaration without a prototype is deprecated in all versions of C [-Wstrict-prototypes]
  118 | extern BANDSTACK_ENTRY *bandstack_entry_get_current();
      |                                                    ^
      |                                                     void
src/core/band.h:120:26: warning: a function declaration without a prototype is deprecated in all versions of C [-Wstrict-prototypes]
  120 | extern void bandSaveState();
      |                          ^
      |                           void
src/core/band.h:121:29: warning: a function declaration without a prototype is deprecated in all versions of C [-Wstrict-prototypes]
  121 | extern void bandRestoreState();
      |                             ^
      |                              void
9 warnings generated.
In file included from src/ui/wideband_dialog.c:25:
wdsp/wdsp.h:12:19: warning: a function declaration without a prototype is deprecated in all versions of C [-Wstrict-prototypes]
   12 | int GetWDSPVersion();
      |                   ^
      |                    void
wdsp/wdsp.h:367:24: warning: a function declaration without a prototype is deprecated in all versions of C [-Wstrict-prototypes]
  367 | char *wisdom_get_status();
      |                        ^
      |                         void
In file included from src/ui/wideband_dialog.c:31:
src/core/filter.h:46:28: warning: a function declaration without a prototype is deprecated in all versions of C [-Wstrict-prototypes]
   46 | extern void filterSaveState();
      |                            ^
      |                             void
src/core/filter.h:47:31: warning: a function declaration without a prototype is deprecated in all versions of C [-Wstrict-prototypes]
   47 | extern void filterRestoreState();
      |                               ^
      |                                void
In file included from src/ui/wideband_dialog.c:32:
src/core/band.h:107:28: warning: a function declaration without a prototype is deprecated in all versions of C [-Wstrict-prototypes]
  107 | extern int band_get_current();
      |                            ^
      |                             void
src/core/band.h:108:35: warning: a function declaration without a prototype is deprecated in all versions of C [-Wstrict-prototypes]
  108 | extern BAND *band_get_current_band();
      |                                   ^
      |                                    void
src/core/band.h:116:45: warning: a function declaration without a prototype is deprecated in all versions of C [-Wstrict-prototypes]
  116 | extern BANDSTACK_ENTRY *bandstack_entry_next();
      |                                             ^
      |                                              void
src/core/band.h:117:49: warning: a function declaration without a prototype is deprecated in all versions of C [-Wstrict-prototypes]
  117 | extern BANDSTACK_ENTRY *bandstack_entry_previous();
      |                                                 ^
      |                                                  void
src/core/band.h:118:52: warning: a function declaration without a prototype is deprecated in all versions of C [-Wstrict-prototypes]
  118 | extern BANDSTACK_ENTRY *bandstack_entry_get_current();
      |                                                    ^
      |                                                     void
src/core/band.h:120:26: warning: a function declaration without a prototype is deprecated in all versions of C [-Wstrict-prototypes]
  120 | extern void bandSaveState();
      |                          ^
      |                           void
src/core/band.h:121:29: warning: a function declaration without a prototype is deprecated in all versions of C [-Wstrict-prototypes]
  121 | extern void bandRestoreState();
      |                             ^
      |                              void
In file included from src/ui/wideband_dialog.c:42:
src/audio/audio.h:58:28: warning: a function declaration without a prototype is deprecated in all versions of C [-Wstrict-prototypes]
   58 | extern void audio_get_cards();
      |                            ^
      |                             void
12 warnings generated.
In file included from src/ui/about_dialog.c:28:
wdsp/wdsp.h:12:19: warning: a function declaration without a prototype is deprecated in all versions of C [-Wstrict-prototypes]
   12 | int GetWDSPVersion();
      |                   ^
      |                    void
wdsp/wdsp.h:367:24: warning: a function declaration without a prototype is deprecated in all versions of C [-Wstrict-prototypes]
  367 | char *wisdom_get_status();
      |                        ^
      |                         void
In file included from src/ui/about_dialog.c:42:
In file included from src/core/radio.h:34:
src/core/band.h:107:28: warning: a function declaration without a prototype is deprecated in all versions of C [-Wstrict-prototypes]
  107 | extern int band_get_current();
      |                            ^
      |                             void
src/core/band.h:108:35: warning: a function declaration without a prototype is deprecated in all versions of C [-Wstrict-prototypes]
  108 | extern BAND *band_get_current_band();
      |                                   ^
      |                                    void
src/core/band.h:116:45: warning: a function declaration without a prototype is deprecated in all versions of C [-Wstrict-prototypes]
  116 | extern BANDSTACK_ENTRY *bandstack_entry_next();
      |                                             ^
      |                                              void
src/core/band.h:117:49: warning: a function declaration without a prototype is deprecated in all versions of C [-Wstrict-prototypes]
  117 | extern BANDSTACK_ENTRY *bandstack_entry_previous();
      |                                                 ^
      |                                                  void
src/core/band.h:118:52: warning: a function declaration without a prototype is deprecated in all versions of C [-Wstrict-prototypes]
  118 | extern BANDSTACK_ENTRY *bandstack_entry_get_current();
      |                                                    ^
      |                                                     void
src/core/band.h:120:26: warning: a function declaration without a prototype is deprecated in all versions of C [-Wstrict-prototypes]
  120 | extern void bandSaveState();
      |                          ^
      |                           void
src/core/band.h:121:29: warning: a function declaration without a prototype is deprecated in all versions of C [-Wstrict-prototypes]
  121 | extern void bandRestoreState();
      |                             ^
      |                              void
9 warnings generated.
In file included from src/ui/wideband.c:25:
wdsp/wdsp.h:12:19: warning: a function declaration without a prototype is deprecated in all versions of C [-Wstrict-prototypes]
   12 | int GetWDSPVersion();
      |                   ^
      |                    void
wdsp/wdsp.h:367:24: warning: a function declaration without a prototype is deprecated in all versions of C [-Wstrict-prototypes]
  367 | char *wisdom_get_status();
      |                        ^
      |                         void
In file included from src/ui/wideband.c:30:
src/core/filter.h:46:28: warning: a function declaration without a prototype is deprecated in all versions of C [-Wstrict-prototypes]
   46 | extern void filterSaveState();
      |                            ^
      |                             void
src/core/filter.h:47:31: warning: a function declaration without a prototype is deprecated in all versions of C [-Wstrict-prototypes]
   47 | extern void filterRestoreState();
      |                               ^
      |                                void
In file included from src/ui/wideband.c:32:
src/core/band.h:107:28: warning: a function declaration without a prototype is deprecated in all versions of C [-Wstrict-prototypes]
  107 | extern int band_get_current();
      |                            ^
      |                             void
src/core/band.h:108:35: warning: a function declaration without a prototype is deprecated in all versions of C [-Wstrict-prototypes]
  108 | extern BAND *band_get_current_band();
      |                                   ^
      |                                    void
src/core/band.h:116:45: warning: a function declaration without a prototype is deprecated in all versions of C [-Wstrict-prototypes]
  116 | extern BANDSTACK_ENTRY *bandstack_entry_next();
      |                                             ^
      |                                              void
src/core/band.h:117:49: warning: a function declaration without a prototype is deprecated in all versions of C [-Wstrict-prototypes]
  117 | extern BANDSTACK_ENTRY *bandstack_entry_previous();
      |                                                 ^
      |                                                  void
src/core/band.h:118:52: warning: a function declaration without a prototype is deprecated in all versions of C [-Wstrict-prototypes]
  118 | extern BANDSTACK_ENTRY *bandstack_entry_get_current();
      |                                                    ^
      |                                                     void
src/core/band.h:120:26: warning: a function declaration without a prototype is deprecated in all versions of C [-Wstrict-prototypes]
  120 | extern void bandSaveState();
      |                          ^
      |                           void
src/core/band.h:121:29: warning: a function declaration without a prototype is deprecated in all versions of C [-Wstrict-prototypes]
  121 | extern void bandRestoreState();
      |                             ^
      |                              void
In file included from src/ui/wideband.c:46:
src/proto/protocol1.h:23:27: warning: a function declaration without a prototype is deprecated in all versions of C [-Wstrict-prototypes]
   23 | extern void protocol1_stop();
      |                           ^
      |                            void
src/proto/protocol1.h:24:26: warning: a function declaration without a prototype is deprecated in all versions of C [-Wstrict-prototypes]
   24 | extern void protocol1_run();
      |                          ^
      |                           void
src/proto/protocol1.h:25:32: warning: a function declaration without a prototype is deprecated in all versions of C [-Wstrict-prototypes]
   25 | extern void protocol1_reconnect();
      |                                ^
      |                                 void
src/proto/protocol1.h:34:37: warning: a function declaration without a prototype is deprecated in all versions of C [-Wstrict-prototypes]
   34 | extern gboolean protocol1_is_running();
      |                                     ^
      |                                      void
In file included from src/ui/wideband.c:47:
src/proto/protocol2.h:60:27: warning: a function declaration without a prototype is deprecated in all versions of C [-Wstrict-prototypes]
   60 | extern void protocol2_stop();
      |                           ^
      |                            void
src/proto/protocol2.h:61:26: warning: a function declaration without a prototype is deprecated in all versions of C [-Wstrict-prototypes]
   61 | extern void protocol2_run();
      |                          ^
      |                           void
src/proto/protocol2.h:62:32: warning: a function declaration without a prototype is deprecated in all versions of C [-Wstrict-prototypes]
   62 | extern void protocol2_reconnect();
      |                                ^
      |                                 void
src/proto/protocol2.h:65:36: warning: a function declaration without a prototype is deprecated in all versions of C [-Wstrict-prototypes]
   65 | extern void protocol2_high_priority();
      |                                    ^
      |                                     void
src/proto/protocol2.h:66:30: warning: a function declaration without a prototype is deprecated in all versions of C [-Wstrict-prototypes]
   66 | extern void protocol2_general();
      |                              ^
      |                               void
src/proto/protocol2.h:67:39: warning: a function declaration without a prototype is deprecated in all versions of C [-Wstrict-prototypes]
   67 | extern void protocol2_receive_specific();
      |                                       ^
      |                                        void
src/proto/protocol2.h:70:36: warning: a function declaration without a prototype is deprecated in all versions of C [-Wstrict-prototypes]
   70 | extern void protocol2_stop_wideband();
      |                                    ^
      |                                     void
src/proto/protocol2.h:72:33: warning: a function declaration without a prototype is deprecated in all versions of C [-Wstrict-prototypes]
   72 | extern void filter_board_changed();
      |                                 ^
      |                                  void
src/proto/protocol2.h:73:23: warning: a function declaration without a prototype is deprecated in all versions of C [-Wstrict-prototypes]
   73 | extern void pa_changed();
      |                       ^
      |                        void
src/proto/protocol2.h:74:26: warning: a function declaration without a prototype is deprecated in all versions of C [-Wstrict-prototypes]
   74 | extern void tuner_changed();
      |                          ^
      |                           void
src/proto/protocol2.h:75:23: warning: a function declaration without a prototype is deprecated in all versions of C [-Wstrict-prototypes]
   75 | extern void cw_changed();
      |                       ^
      |                        void
src/proto/protocol2.h:78:18: warning: a function declaration without a prototype is deprecated in all versions of C [-Wstrict-prototypes]
   78 | extern int getMox();
      |                  ^
      |                   void
src/proto/protocol2.h:80:19: warning: a function declaration without a prototype is deprecated in all versions of C [-Wstrict-prototypes]
   80 | extern int getTune();
      |                   ^
      |                    void
src/proto/protocol2.h:85:37: warning: a function declaration without a prototype is deprecated in all versions of C [-Wstrict-prototypes]
   85 | extern gboolean protocol2_is_running();
      |                                     ^
      |                                      void
29 warnings generated.
In file included from src/core/vox.c:29:
In file included from src/core/radio.h:34:
src/core/band.h:107:28: warning: a function declaration without a prototype is deprecated in all versions of C [-Wstrict-prototypes]
  107 | extern int band_get_current();
      |                            ^
      |                             void
src/core/band.h:108:35: warning: a function declaration without a prototype is deprecated in all versions of C [-Wstrict-prototypes]
  108 | extern BAND *band_get_current_band();
      |                                   ^
      |                                    void
src/core/band.h:116:45: warning: a function declaration without a prototype is deprecated in all versions of C [-Wstrict-prototypes]
  116 | extern BANDSTACK_ENTRY *bandstack_entry_next();
      |                                             ^
      |                                              void
src/core/band.h:117:49: warning: a function declaration without a prototype is deprecated in all versions of C [-Wstrict-prototypes]
  117 | extern BANDSTACK_ENTRY *bandstack_entry_previous();
      |                                                 ^
      |                                                  void
src/core/band.h:118:52: warning: a function declaration without a prototype is deprecated in all versions of C [-Wstrict-prototypes]
  118 | extern BANDSTACK_ENTRY *bandstack_entry_get_current();
      |                                                    ^
      |                                                     void
src/core/band.h:120:26: warning: a function declaration without a prototype is deprecated in all versions of C [-Wstrict-prototypes]
  120 | extern void bandSaveState();
      |                          ^
      |                           void
src/core/band.h:121:29: warning: a function declaration without a prototype is deprecated in all versions of C [-Wstrict-prototypes]
  121 | extern void bandRestoreState();
      |                             ^
      |                              void
7 warnings generated.
In file included from src/core/ext.c:33:
src/core/band.h:107:28: warning: a function declaration without a prototype is deprecated in all versions of C [-Wstrict-prototypes]
  107 | extern int band_get_current();
      |                            ^
      |                             void
src/core/band.h:108:35: warning: a function declaration without a prototype is deprecated in all versions of C [-Wstrict-prototypes]
  108 | extern BAND *band_get_current_band();
      |                                   ^
      |                                    void
src/core/band.h:116:45: warning: a function declaration without a prototype is deprecated in all versions of C [-Wstrict-prototypes]
  116 | extern BANDSTACK_ENTRY *bandstack_entry_next();
      |                                             ^
      |                                              void
src/core/band.h:117:49: warning: a function declaration without a prototype is deprecated in all versions of C [-Wstrict-prototypes]
  117 | extern BANDSTACK_ENTRY *bandstack_entry_previous();
      |                                                 ^
      |                                                  void
src/core/band.h:118:52: warning: a function declaration without a prototype is deprecated in all versions of C [-Wstrict-prototypes]
  118 | extern BANDSTACK_ENTRY *bandstack_entry_get_current();
      |                                                    ^
      |                                                     void
src/core/band.h:120:26: warning: a function declaration without a prototype is deprecated in all versions of C [-Wstrict-prototypes]
  120 | extern void bandSaveState();
      |                          ^
      |                           void
src/core/band.h:121:29: warning: a function declaration without a prototype is deprecated in all versions of C [-Wstrict-prototypes]
  121 | extern void bandRestoreState();
      |                             ^
      |                              void
7 warnings generated.
In file included from src/ui/configure_dialog.c:41:
In file included from src/core/radio.h:34:
src/core/band.h:107:28: warning: a function declaration without a prototype is deprecated in all versions of C [-Wstrict-prototypes]
  107 | extern int band_get_current();
      |                            ^
      |                             void
src/core/band.h:108:35: warning: a function declaration without a prototype is deprecated in all versions of C [-Wstrict-prototypes]
  108 | extern BAND *band_get_current_band();
      |                                   ^
      |                                    void
src/core/band.h:116:45: warning: a function declaration without a prototype is deprecated in all versions of C [-Wstrict-prototypes]
  116 | extern BANDSTACK_ENTRY *bandstack_entry_next();
      |                                             ^
      |                                              void
src/core/band.h:117:49: warning: a function declaration without a prototype is deprecated in all versions of C [-Wstrict-prototypes]
  117 | extern BANDSTACK_ENTRY *bandstack_entry_previous();
      |                                                 ^
      |                                                  void
src/core/band.h:118:52: warning: a function declaration without a prototype is deprecated in all versions of C [-Wstrict-prototypes]
  118 | extern BANDSTACK_ENTRY *bandstack_entry_get_current();
      |                                                    ^
      |                                                     void
src/core/band.h:120:26: warning: a function declaration without a prototype is deprecated in all versions of C [-Wstrict-prototypes]
  120 | extern void bandSaveState();
      |                          ^
      |                           void
src/core/band.h:121:29: warning: a function declaration without a prototype is deprecated in all versions of C [-Wstrict-prototypes]
  121 | extern void bandRestoreState();
      |                             ^
      |                              void
In file included from src/ui/configure_dialog.c:50:
src/ui/xvtr_dialog.h:21:22: warning: a function declaration without a prototype is deprecated in all versions of C [-Wstrict-prototypes]
   21 | extern void save_xvtr();
      |                      ^
      |                       void
In file included from src/ui/configure_dialog.c:56:
src/midi/midi.h:275:23: warning: a function declaration without a prototype is deprecated in all versions of C [-Wstrict-prototypes]
  275 | void close_midi_device();
      |                       ^
      |                        void
In file included from src/ui/configure_dialog.c:57:
src/midi/midi_dialog.h:27:28: warning: a function declaration without a prototype is deprecated in all versions of C [-Wstrict-prototypes]
   27 | extern void midi_save_state();
      |                            ^
      |                             void
src/midi/midi_dialog.h:28:31: warning: a function declaration without a prototype is deprecated in all versions of C [-Wstrict-prototypes]
   28 | extern void midi_restore_state();
      |                               ^
      |                                void
11 warnings generated.
In file included from src/ui/labels_dialog.c:28:
In file included from src/core/radio.h:34:
src/core/band.h:107:28: warning: a function declaration without a prototype is deprecated in all versions of C [-Wstrict-prototypes]
  107 | extern int band_get_current();
      |                            ^
      |                             void
src/core/band.h:108:35: warning: a function declaration without a prototype is deprecated in all versions of C [-Wstrict-prototypes]
  108 | extern BAND *band_get_current_band();
      |                                   ^
      |                                    void
src/core/band.h:116:45: warning: a function declaration without a prototype is deprecated in all versions of C [-Wstrict-prototypes]
  116 | extern BANDSTACK_ENTRY *bandstack_entry_next();
      |                                             ^
      |                                              void
src/core/band.h:117:49: warning: a function declaration without a prototype is deprecated in all versions of C [-Wstrict-prototypes]
  117 | extern BANDSTACK_ENTRY *bandstack_entry_previous();
      |                                                 ^
      |                                                  void
src/core/band.h:118:52: warning: a function declaration without a prototype is deprecated in all versions of C [-Wstrict-prototypes]
  118 | extern BANDSTACK_ENTRY *bandstack_entry_get_current();
      |                                                    ^
      |                                                     void
src/core/band.h:120:26: warning: a function declaration without a prototype is deprecated in all versions of C [-Wstrict-prototypes]
  120 | extern void bandSaveState();
      |                          ^
      |                           void
src/core/band.h:121:29: warning: a function declaration without a prototype is deprecated in all versions of C [-Wstrict-prototypes]
  121 | extern void bandRestoreState();
      |                             ^
      |                              void
In file included from src/ui/labels_dialog.c:30:
src/ui/css.h:1:21: warning: a function declaration without a prototype is deprecated in all versions of C [-Wstrict-prototypes]
    1 | extern void load_css();
      |                     ^
      |                      void
8 warnings generated.
In file included from src/dsp/ppm_cal.c:29:
In file included from src/core/radio.h:34:
src/core/band.h:107:28: warning: a function declaration without a prototype is deprecated in all versions of C [-Wstrict-prototypes]
  107 | extern int band_get_current();
      |                            ^
      |                             void
src/core/band.h:108:35: warning: a function declaration without a prototype is deprecated in all versions of C [-Wstrict-prototypes]
  108 | extern BAND *band_get_current_band();
      |                                   ^
      |                                    void
src/core/band.h:116:45: warning: a function declaration without a prototype is deprecated in all versions of C [-Wstrict-prototypes]
  116 | extern BANDSTACK_ENTRY *bandstack_entry_next();
      |                                             ^
      |                                              void
src/core/band.h:117:49: warning: a function declaration without a prototype is deprecated in all versions of C [-Wstrict-prototypes]
  117 | extern BANDSTACK_ENTRY *bandstack_entry_previous();
      |                                                 ^
      |                                                  void
src/core/band.h:118:52: warning: a function declaration without a prototype is deprecated in all versions of C [-Wstrict-prototypes]
  118 | extern BANDSTACK_ENTRY *bandstack_entry_get_current();
      |                                                    ^
      |                                                     void
src/core/band.h:120:26: warning: a function declaration without a prototype is deprecated in all versions of C [-Wstrict-prototypes]
  120 | extern void bandSaveState();
      |                          ^
      |                           void
src/core/band.h:121:29: warning: a function declaration without a prototype is deprecated in all versions of C [-Wstrict-prototypes]
  121 | extern void bandRestoreState();
      |                             ^
      |                              void
7 warnings generated.
In file included from src/ui/bookmark_dialog.c:38:
In file included from src/core/radio.h:34:
src/core/band.h:107:28: warning: a function declaration without a prototype is deprecated in all versions of C [-Wstrict-prototypes]
  107 | extern int band_get_current();
      |                            ^
      |                             void
src/core/band.h:108:35: warning: a function declaration without a prototype is deprecated in all versions of C [-Wstrict-prototypes]
  108 | extern BAND *band_get_current_band();
      |                                   ^
      |                                    void
src/core/band.h:116:45: warning: a function declaration without a prototype is deprecated in all versions of C [-Wstrict-prototypes]
  116 | extern BANDSTACK_ENTRY *bandstack_entry_next();
      |                                             ^
      |                                              void
src/core/band.h:117:49: warning: a function declaration without a prototype is deprecated in all versions of C [-Wstrict-prototypes]
  117 | extern BANDSTACK_ENTRY *bandstack_entry_previous();
      |                                                 ^
      |                                                  void
src/core/band.h:118:52: warning: a function declaration without a prototype is deprecated in all versions of C [-Wstrict-prototypes]
  118 | extern BANDSTACK_ENTRY *bandstack_entry_get_current();
      |                                                    ^
      |                                                     void
src/core/band.h:120:26: warning: a function declaration without a prototype is deprecated in all versions of C [-Wstrict-prototypes]
  120 | extern void bandSaveState();
      |                          ^
      |                           void
src/core/band.h:121:29: warning: a function declaration without a prototype is deprecated in all versions of C [-Wstrict-prototypes]
  121 | extern void bandRestoreState();
      |                             ^
      |                              void
In file included from src/ui/bookmark_dialog.c:41:
src/core/filter.h:46:28: warning: a function declaration without a prototype is deprecated in all versions of C [-Wstrict-prototypes]
   46 | extern void filterSaveState();
      |                            ^
      |                             void
src/core/filter.h:47:31: warning: a function declaration without a prototype is deprecated in all versions of C [-Wstrict-prototypes]
   47 | extern void filterRestoreState();
      |                               ^
      |                                void
src/ui/bookmark_dialog.c:115:27: warning: a function declaration without a prototype is deprecated in all versions of C [-Wstrict-prototypes]
  115 | static void save_bookmarks() {
      |                           ^
      |                            void
src/ui/bookmark_dialog.c:159:30: warning: a function declaration without a prototype is deprecated in all versions of C [-Wstrict-prototypes]
  159 | static void restore_bookmarks() {
      |                              ^
      |                               void
11 warnings generated.
In file included from src/ui/puresignal_dialog.c:29:
wdsp/wdsp.h:12:19: warning: a function declaration without a prototype is deprecated in all versions of C [-Wstrict-prototypes]
   12 | int GetWDSPVersion();
      |                   ^
      |                    void
wdsp/wdsp.h:367:24: warning: a function declaration without a prototype is deprecated in all versions of C [-Wstrict-prototypes]
  367 | char *wisdom_get_status();
      |                        ^
      |                         void
In file included from src/ui/puresignal_dialog.c:38:
In file included from src/core/radio.h:34:
src/core/band.h:107:28: warning: a function declaration without a prototype is deprecated in all versions of C [-Wstrict-prototypes]
  107 | extern int band_get_current();
      |                            ^
      |                             void
src/core/band.h:108:35: warning: a function declaration without a prototype is deprecated in all versions of C [-Wstrict-prototypes]
  108 | extern BAND *band_get_current_band();
      |                                   ^
      |                                    void
src/core/band.h:116:45: warning: a function declaration without a prototype is deprecated in all versions of C [-Wstrict-prototypes]
  116 | extern BANDSTACK_ENTRY *bandstack_entry_next();
      |                                             ^
      |                                              void
src/core/band.h:117:49: warning: a function declaration without a prototype is deprecated in all versions of C [-Wstrict-prototypes]
  117 | extern BANDSTACK_ENTRY *bandstack_entry_previous();
      |                                                 ^
      |                                                  void
src/core/band.h:118:52: warning: a function declaration without a prototype is deprecated in all versions of C [-Wstrict-prototypes]
  118 | extern BANDSTACK_ENTRY *bandstack_entry_get_current();
      |                                                    ^
      |                                                     void
src/core/band.h:120:26: warning: a function declaration without a prototype is deprecated in all versions of C [-Wstrict-prototypes]
  120 | extern void bandSaveState();
      |                          ^
      |                           void
src/core/band.h:121:29: warning: a function declaration without a prototype is deprecated in all versions of C [-Wstrict-prototypes]
  121 | extern void bandRestoreState();
      |                             ^
      |                              void
In file included from src/ui/puresignal_dialog.c:40:
src/ui/css.h:1:21: warning: a function declaration without a prototype is deprecated in all versions of C [-Wstrict-prototypes]
    1 | extern void load_css();
      |                     ^
      |                      void
In file included from src/ui/puresignal_dialog.c:42:
src/proto/protocol1.h:23:27: warning: a function declaration without a prototype is deprecated in all versions of C [-Wstrict-prototypes]
   23 | extern void protocol1_stop();
      |                           ^
      |                            void
src/proto/protocol1.h:24:26: warning: a function declaration without a prototype is deprecated in all versions of C [-Wstrict-prototypes]
   24 | extern void protocol1_run();
      |                          ^
      |                           void
src/proto/protocol1.h:25:32: warning: a function declaration without a prototype is deprecated in all versions of C [-Wstrict-prototypes]
   25 | extern void protocol1_reconnect();
      |                                ^
      |                                 void
src/proto/protocol1.h:34:37: warning: a function declaration without a prototype is deprecated in all versions of C [-Wstrict-prototypes]
   34 | extern gboolean protocol1_is_running();
      |                                     ^
      |                                      void
In file included from src/ui/puresignal_dialog.c:43:
src/proto/protocol2.h:60:27: warning: a function declaration without a prototype is deprecated in all versions of C [-Wstrict-prototypes]
   60 | extern void protocol2_stop();
      |                           ^
      |                            void
src/proto/protocol2.h:61:26: warning: a function declaration without a prototype is deprecated in all versions of C [-Wstrict-prototypes]
   61 | extern void protocol2_run();
      |                          ^
      |                           void
src/proto/protocol2.h:62:32: warning: a function declaration without a prototype is deprecated in all versions of C [-Wstrict-prototypes]
   62 | extern void protocol2_reconnect();
      |                                ^
      |                                 void
src/proto/protocol2.h:65:36: warning: a function declaration without a prototype is deprecated in all versions of C [-Wstrict-prototypes]
   65 | extern void protocol2_high_priority();
      |                                    ^
      |                                     void
src/proto/protocol2.h:66:30: warning: a function declaration without a prototype is deprecated in all versions of C [-Wstrict-prototypes]
   66 | extern void protocol2_general();
      |                              ^
      |                               void
src/proto/protocol2.h:67:39: warning: a function declaration without a prototype is deprecated in all versions of C [-Wstrict-prototypes]
   67 | extern void protocol2_receive_specific();
      |                                       ^
      |                                        void
src/proto/protocol2.h:70:36: warning: a function declaration without a prototype is deprecated in all versions of C [-Wstrict-prototypes]
   70 | extern void protocol2_stop_wideband();
      |                                    ^
      |                                     void
src/proto/protocol2.h:72:33: warning: a function declaration without a prototype is deprecated in all versions of C [-Wstrict-prototypes]
   72 | extern void filter_board_changed();
      |                                 ^
      |                                  void
src/proto/protocol2.h:73:23: warning: a function declaration without a prototype is deprecated in all versions of C [-Wstrict-prototypes]
   73 | extern void pa_changed();
      |                       ^
      |                        void
src/proto/protocol2.h:74:26: warning: a function declaration without a prototype is deprecated in all versions of C [-Wstrict-prototypes]
   74 | extern void tuner_changed();
      |                          ^
      |                           void
src/proto/protocol2.h:75:23: warning: a function declaration without a prototype is deprecated in all versions of C [-Wstrict-prototypes]
   75 | extern void cw_changed();
      |                       ^
      |                        void
src/proto/protocol2.h:78:18: warning: a function declaration without a prototype is deprecated in all versions of C [-Wstrict-prototypes]
   78 | extern int getMox();
      |                  ^
      |                   void
src/proto/protocol2.h:80:19: warning: a function declaration without a prototype is deprecated in all versions of C [-Wstrict-prototypes]
   80 | extern int getTune();
      |                   ^
      |                    void
src/proto/protocol2.h:85:37: warning: a function declaration without a prototype is deprecated in all versions of C [-Wstrict-prototypes]
   85 | extern gboolean protocol2_is_running();
      |                                     ^
      |                                      void
In file included from src/ui/puresignal_dialog.c:44:
src/audio/audio.h:58:28: warning: a function declaration without a prototype is deprecated in all versions of C [-Wstrict-prototypes]
   58 | extern void audio_get_cards();
      |                            ^
      |                             void
29 warnings generated.
In file included from src/ui/oc_dialog.c:30:
src/core/band.h:107:28: warning: a function declaration without a prototype is deprecated in all versions of C [-Wstrict-prototypes]
  107 | extern int band_get_current();
      |                            ^
      |                             void
src/core/band.h:108:35: warning: a function declaration without a prototype is deprecated in all versions of C [-Wstrict-prototypes]
  108 | extern BAND *band_get_current_band();
      |                                   ^
      |                                    void
src/core/band.h:116:45: warning: a function declaration without a prototype is deprecated in all versions of C [-Wstrict-prototypes]
  116 | extern BANDSTACK_ENTRY *bandstack_entry_next();
      |                                             ^
      |                                              void
src/core/band.h:117:49: warning: a function declaration without a prototype is deprecated in all versions of C [-Wstrict-prototypes]
  117 | extern BANDSTACK_ENTRY *bandstack_entry_previous();
      |                                                 ^
      |                                                  void
src/core/band.h:118:52: warning: a function declaration without a prototype is deprecated in all versions of C [-Wstrict-prototypes]
  118 | extern BANDSTACK_ENTRY *bandstack_entry_get_current();
      |                                                    ^
      |                                                     void
src/core/band.h:120:26: warning: a function declaration without a prototype is deprecated in all versions of C [-Wstrict-prototypes]
  120 | extern void bandSaveState();
      |                          ^
      |                           void
src/core/band.h:121:29: warning: a function declaration without a prototype is deprecated in all versions of C [-Wstrict-prototypes]
  121 | extern void bandRestoreState();
      |                             ^
      |                              void
In file included from src/ui/oc_dialog.c:34:
src/core/filter.h:46:28: warning: a function declaration without a prototype is deprecated in all versions of C [-Wstrict-prototypes]
   46 | extern void filterSaveState();
      |                            ^
      |                             void
src/core/filter.h:47:31: warning: a function declaration without a prototype is deprecated in all versions of C [-Wstrict-prototypes]
   47 | extern void filterRestoreState();
      |                               ^
      |                                void
In file included from src/ui/oc_dialog.c:43:
src/proto/protocol1.h:23:27: warning: a function declaration without a prototype is deprecated in all versions of C [-Wstrict-prototypes]
   23 | extern void protocol1_stop();
      |                           ^
      |                            void
src/proto/protocol1.h:24:26: warning: a function declaration without a prototype is deprecated in all versions of C [-Wstrict-prototypes]
   24 | extern void protocol1_run();
      |                          ^
      |                           void
src/proto/protocol1.h:25:32: warning: a function declaration without a prototype is deprecated in all versions of C [-Wstrict-prototypes]
   25 | extern void protocol1_reconnect();
      |                                ^
      |                                 void
src/proto/protocol1.h:34:37: warning: a function declaration without a prototype is deprecated in all versions of C [-Wstrict-prototypes]
   34 | extern gboolean protocol1_is_running();
      |                                     ^
      |                                      void
In file included from src/ui/oc_dialog.c:44:
src/proto/protocol2.h:60:27: warning: a function declaration without a prototype is deprecated in all versions of C [-Wstrict-prototypes]
   60 | extern void protocol2_stop();
      |                           ^
      |                            void
src/proto/protocol2.h:61:26: warning: a function declaration without a prototype is deprecated in all versions of C [-Wstrict-prototypes]
   61 | extern void protocol2_run();
      |                          ^
      |                           void
src/proto/protocol2.h:62:32: warning: a function declaration without a prototype is deprecated in all versions of C [-Wstrict-prototypes]
   62 | extern void protocol2_reconnect();
      |                                ^
      |                                 void
src/proto/protocol2.h:65:36: warning: a function declaration without a prototype is deprecated in all versions of C [-Wstrict-prototypes]
   65 | extern void protocol2_high_priority();
      |                                    ^
      |                                     void
src/proto/protocol2.h:66:30: warning: a function declaration without a prototype is deprecated in all versions of C [-Wstrict-prototypes]
   66 | extern void protocol2_general();
      |                              ^
      |                               void
src/proto/protocol2.h:67:39: warning: a function declaration without a prototype is deprecated in all versions of C [-Wstrict-prototypes]
   67 | extern void protocol2_receive_specific();
      |                                       ^
      |                                        void
src/proto/protocol2.h:70:36: warning: a function declaration without a prototype is deprecated in all versions of C [-Wstrict-prototypes]
   70 | extern void protocol2_stop_wideband();
      |                                    ^
      |                                     void
src/proto/protocol2.h:72:33: warning: a function declaration without a prototype is deprecated in all versions of C [-Wstrict-prototypes]
   72 | extern void filter_board_changed();
      |                                 ^
      |                                  void
src/proto/protocol2.h:73:23: warning: a function declaration without a prototype is deprecated in all versions of C [-Wstrict-prototypes]
   73 | extern void pa_changed();
      |                       ^
      |                        void
src/proto/protocol2.h:74:26: warning: a function declaration without a prototype is deprecated in all versions of C [-Wstrict-prototypes]
   74 | extern void tuner_changed();
      |                          ^
      |                           void
src/proto/protocol2.h:75:23: warning: a function declaration without a prototype is deprecated in all versions of C [-Wstrict-prototypes]
   75 | extern void cw_changed();
      |                       ^
      |                        void
src/proto/protocol2.h:78:18: warning: a function declaration without a prototype is deprecated in all versions of C [-Wstrict-prototypes]
   78 | extern int getMox();
      |                  ^
      |                   void
src/proto/protocol2.h:80:19: warning: a function declaration without a prototype is deprecated in all versions of C [-Wstrict-prototypes]
   80 | extern int getTune();
      |                   ^
      |                    void
src/proto/protocol2.h:85:37: warning: a function declaration without a prototype is deprecated in all versions of C [-Wstrict-prototypes]
   85 | extern gboolean protocol2_is_running();
      |                                     ^
      |                                      void
27 warnings generated.
In file included from src/ui/xvtr_dialog.c:30:
src/core/band.h:107:28: warning: a function declaration without a prototype is deprecated in all versions of C [-Wstrict-prototypes]
  107 | extern int band_get_current();
      |                            ^
      |                             void
src/core/band.h:108:35: warning: a function declaration without a prototype is deprecated in all versions of C [-Wstrict-prototypes]
  108 | extern BAND *band_get_current_band();
      |                                   ^
      |                                    void
src/core/band.h:116:45: warning: a function declaration without a prototype is deprecated in all versions of C [-Wstrict-prototypes]
  116 | extern BANDSTACK_ENTRY *bandstack_entry_next();
      |                                             ^
      |                                              void
src/core/band.h:117:49: warning: a function declaration without a prototype is deprecated in all versions of C [-Wstrict-prototypes]
  117 | extern BANDSTACK_ENTRY *bandstack_entry_previous();
      |                                                 ^
      |                                                  void
src/core/band.h:118:52: warning: a function declaration without a prototype is deprecated in all versions of C [-Wstrict-prototypes]
  118 | extern BANDSTACK_ENTRY *bandstack_entry_get_current();
      |                                                    ^
      |                                                     void
src/core/band.h:120:26: warning: a function declaration without a prototype is deprecated in all versions of C [-Wstrict-prototypes]
  120 | extern void bandSaveState();
      |                          ^
      |                           void
src/core/band.h:121:29: warning: a function declaration without a prototype is deprecated in all versions of C [-Wstrict-prototypes]
  121 | extern void bandRestoreState();
      |                             ^
      |                              void
In file included from src/ui/xvtr_dialog.c:34:
src/core/filter.h:46:28: warning: a function declaration without a prototype is deprecated in all versions of C [-Wstrict-prototypes]
   46 | extern void filterSaveState();
      |                            ^
      |                             void
src/core/filter.h:47:31: warning: a function declaration without a prototype is deprecated in all versions of C [-Wstrict-prototypes]
   47 | extern void filterRestoreState();
      |                               ^
      |                                void
In file included from src/ui/xvtr_dialog.c:45:
src/proto/protocol1.h:23:27: warning: a function declaration without a prototype is deprecated in all versions of C [-Wstrict-prototypes]
   23 | extern void protocol1_stop();
      |                           ^
      |                            void
src/proto/protocol1.h:24:26: warning: a function declaration without a prototype is deprecated in all versions of C [-Wstrict-prototypes]
   24 | extern void protocol1_run();
      |                          ^
      |                           void
src/proto/protocol1.h:25:32: warning: a function declaration without a prototype is deprecated in all versions of C [-Wstrict-prototypes]
   25 | extern void protocol1_reconnect();
      |                                ^
      |                                 void
src/proto/protocol1.h:34:37: warning: a function declaration without a prototype is deprecated in all versions of C [-Wstrict-prototypes]
   34 | extern gboolean protocol1_is_running();
      |                                     ^
      |                                      void
In file included from src/ui/xvtr_dialog.c:46:
src/proto/protocol2.h:60:27: warning: a function declaration without a prototype is deprecated in all versions of C [-Wstrict-prototypes]
   60 | extern void protocol2_stop();
      |                           ^
      |                            void
src/proto/protocol2.h:61:26: warning: a function declaration without a prototype is deprecated in all versions of C [-Wstrict-prototypes]
   61 | extern void protocol2_run();
      |                          ^
      |                           void
src/proto/protocol2.h:62:32: warning: a function declaration without a prototype is deprecated in all versions of C [-Wstrict-prototypes]
   62 | extern void protocol2_reconnect();
      |                                ^
      |                                 void
src/proto/protocol2.h:65:36: warning: a function declaration without a prototype is deprecated in all versions of C [-Wstrict-prototypes]
   65 | extern void protocol2_high_priority();
      |                                    ^
      |                                     void
src/proto/protocol2.h:66:30: warning: a function declaration without a prototype is deprecated in all versions of C [-Wstrict-prototypes]
   66 | extern void protocol2_general();
      |                              ^
      |                               void
src/proto/protocol2.h:67:39: warning: a function declaration without a prototype is deprecated in all versions of C [-Wstrict-prototypes]
   67 | extern void protocol2_receive_specific();
      |                                       ^
      |                                        void
src/proto/protocol2.h:70:36: warning: a function declaration without a prototype is deprecated in all versions of C [-Wstrict-prototypes]
   70 | extern void protocol2_stop_wideband();
      |                                    ^
      |                                     void
src/proto/protocol2.h:72:33: warning: a function declaration without a prototype is deprecated in all versions of C [-Wstrict-prototypes]
   72 | extern void filter_board_changed();
      |                                 ^
      |                                  void
src/proto/protocol2.h:73:23: warning: a function declaration without a prototype is deprecated in all versions of C [-Wstrict-prototypes]
   73 | extern void pa_changed();
      |                       ^
      |                        void
src/proto/protocol2.h:74:26: warning: a function declaration without a prototype is deprecated in all versions of C [-Wstrict-prototypes]
   74 | extern void tuner_changed();
      |                          ^
      |                           void
src/proto/protocol2.h:75:23: warning: a function declaration without a prototype is deprecated in all versions of C [-Wstrict-prototypes]
   75 | extern void cw_changed();
      |                       ^
      |                        void
src/proto/protocol2.h:78:18: warning: a function declaration without a prototype is deprecated in all versions of C [-Wstrict-prototypes]
   78 | extern int getMox();
      |                  ^
      |                   void
src/proto/protocol2.h:80:19: warning: a function declaration without a prototype is deprecated in all versions of C [-Wstrict-prototypes]
   80 | extern int getTune();
      |                   ^
      |                    void
src/proto/protocol2.h:85:37: warning: a function declaration without a prototype is deprecated in all versions of C [-Wstrict-prototypes]
   85 | extern gboolean protocol2_is_running();
      |                                     ^
      |                                      void
In file included from src/ui/xvtr_dialog.c:48:
src/ui/xvtr_dialog.h:21:22: warning: a function declaration without a prototype is deprecated in all versions of C [-Wstrict-prototypes]
   21 | extern void save_xvtr();
      |                      ^
      |                       void
src/ui/xvtr_dialog.c:58:16: warning: a function declaration without a prototype is deprecated in all versions of C [-Wstrict-prototypes]
   58 | void save_xvtr () {
      |                ^
      |                 void
29 warnings generated.
In file included from src/core/frequency.c:25:
src/core/band.h:107:28: warning: a function declaration without a prototype is deprecated in all versions of C [-Wstrict-prototypes]
  107 | extern int band_get_current();
      |                            ^
      |                             void
src/core/band.h:108:35: warning: a function declaration without a prototype is deprecated in all versions of C [-Wstrict-prototypes]
  108 | extern BAND *band_get_current_band();
      |                                   ^
      |                                    void
src/core/band.h:116:45: warning: a function declaration without a prototype is deprecated in all versions of C [-Wstrict-prototypes]
  116 | extern BANDSTACK_ENTRY *bandstack_entry_next();
      |                                             ^
      |                                              void
src/core/band.h:117:49: warning: a function declaration without a prototype is deprecated in all versions of C [-Wstrict-prototypes]
  117 | extern BANDSTACK_ENTRY *bandstack_entry_previous();
      |                                                 ^
      |                                                  void
src/core/band.h:118:52: warning: a function declaration without a prototype is deprecated in all versions of C [-Wstrict-prototypes]
  118 | extern BANDSTACK_ENTRY *bandstack_entry_get_current();
      |                                                    ^
      |                                                     void
src/core/band.h:120:26: warning: a function declaration without a prototype is deprecated in all versions of C [-Wstrict-prototypes]
  120 | extern void bandSaveState();
      |                          ^
      |                           void
src/core/band.h:121:29: warning: a function declaration without a prototype is deprecated in all versions of C [-Wstrict-prototypes]
  121 | extern void bandRestoreState();
      |                             ^
      |                              void
In file included from src/core/frequency.c:26:
src/core/frequency.h:37:23: warning: a function declaration without a prototype is deprecated in all versions of C [-Wstrict-prototypes]
   37 | extern int canTransmit();
      |                       ^
      |                        void
src/core/frequency.c:460:16: warning: a function declaration without a prototype is deprecated in all versions of C [-Wstrict-prototypes]
  460 | int canTransmit() {
      |                ^
      |                 void
9 warnings generated.
In file included from src/core/error_handler.c:38:
In file included from src/core/radio.h:34:
src/core/band.h:107:28: warning: a function declaration without a prototype is deprecated in all versions of C [-Wstrict-prototypes]
  107 | extern int band_get_current();
      |                            ^
      |                             void
src/core/band.h:108:35: warning: a function declaration without a prototype is deprecated in all versions of C [-Wstrict-prototypes]
  108 | extern BAND *band_get_current_band();
      |                                   ^
      |                                    void
src/core/band.h:116:45: warning: a function declaration without a prototype is deprecated in all versions of C [-Wstrict-prototypes]
  116 | extern BANDSTACK_ENTRY *bandstack_entry_next();
      |                                             ^
      |                                              void
src/core/band.h:117:49: warning: a function declaration without a prototype is deprecated in all versions of C [-Wstrict-prototypes]
  117 | extern BANDSTACK_ENTRY *bandstack_entry_previous();
      |                                                 ^
      |                                                  void
src/core/band.h:118:52: warning: a function declaration without a prototype is deprecated in all versions of C [-Wstrict-prototypes]
  118 | extern BANDSTACK_ENTRY *bandstack_entry_get_current();
      |                                                    ^
      |                                                     void
src/core/band.h:120:26: warning: a function declaration without a prototype is deprecated in all versions of C [-Wstrict-prototypes]
  120 | extern void bandSaveState();
      |                          ^
      |                           void
src/core/band.h:121:29: warning: a function declaration without a prototype is deprecated in all versions of C [-Wstrict-prototypes]
  121 | extern void bandRestoreState();
      |                             ^
      |                              void
7 warnings generated.
In file included from src/ui/radio_info.c:23:
wdsp/wdsp.h:12:19: warning: a function declaration without a prototype is deprecated in all versions of C [-Wstrict-prototypes]
   12 | int GetWDSPVersion();
      |                   ^
      |                    void
wdsp/wdsp.h:367:24: warning: a function declaration without a prototype is deprecated in all versions of C [-Wstrict-prototypes]
  367 | char *wisdom_get_status();
      |                        ^
      |                         void
In file included from src/ui/radio_info.c:32:
In file included from src/core/radio.h:34:
src/core/band.h:107:28: warning: a function declaration without a prototype is deprecated in all versions of C [-Wstrict-prototypes]
  107 | extern int band_get_current();
      |                            ^
      |                             void
src/core/band.h:108:35: warning: a function declaration without a prototype is deprecated in all versions of C [-Wstrict-prototypes]
  108 | extern BAND *band_get_current_band();
      |                                   ^
      |                                    void
src/core/band.h:116:45: warning: a function declaration without a prototype is deprecated in all versions of C [-Wstrict-prototypes]
  116 | extern BANDSTACK_ENTRY *bandstack_entry_next();
      |                                             ^
      |                                              void
src/core/band.h:117:49: warning: a function declaration without a prototype is deprecated in all versions of C [-Wstrict-prototypes]
  117 | extern BANDSTACK_ENTRY *bandstack_entry_previous();
      |                                                 ^
      |                                                  void
src/core/band.h:118:52: warning: a function declaration without a prototype is deprecated in all versions of C [-Wstrict-prototypes]
  118 | extern BANDSTACK_ENTRY *bandstack_entry_get_current();
      |                                                    ^
      |                                                     void
src/core/band.h:120:26: warning: a function declaration without a prototype is deprecated in all versions of C [-Wstrict-prototypes]
  120 | extern void bandSaveState();
      |                          ^
      |                           void
src/core/band.h:121:29: warning: a function declaration without a prototype is deprecated in all versions of C [-Wstrict-prototypes]
  121 | extern void bandRestoreState();
      |                             ^
      |                              void
9 warnings generated.
In file included from src/dsp/diversity_mixer.c:28:
wdsp/wdsp.h:12:19: warning: a function declaration without a prototype is deprecated in all versions of C [-Wstrict-prototypes]
   12 | int GetWDSPVersion();
      |                   ^
      |                    void
wdsp/wdsp.h:367:24: warning: a function declaration without a prototype is deprecated in all versions of C [-Wstrict-prototypes]
  367 | char *wisdom_get_status();
      |                        ^
      |                         void
In file included from src/dsp/diversity_mixer.c:32:
src/core/filter.h:46:28: warning: a function declaration without a prototype is deprecated in all versions of C [-Wstrict-prototypes]
   46 | extern void filterSaveState();
      |                            ^
      |                             void
src/core/filter.h:47:31: warning: a function declaration without a prototype is deprecated in all versions of C [-Wstrict-prototypes]
   47 | extern void filterRestoreState();
      |                               ^
      |                                void
In file included from src/dsp/diversity_mixer.c:34:
src/core/band.h:107:28: warning: a function declaration without a prototype is deprecated in all versions of C [-Wstrict-prototypes]
  107 | extern int band_get_current();
      |                            ^
      |                             void
src/core/band.h:108:35: warning: a function declaration without a prototype is deprecated in all versions of C [-Wstrict-prototypes]
  108 | extern BAND *band_get_current_band();
      |                                   ^
      |                                    void
src/core/band.h:116:45: warning: a function declaration without a prototype is deprecated in all versions of C [-Wstrict-prototypes]
  116 | extern BANDSTACK_ENTRY *bandstack_entry_next();
      |                                             ^
      |                                              void
src/core/band.h:117:49: warning: a function declaration without a prototype is deprecated in all versions of C [-Wstrict-prototypes]
  117 | extern BANDSTACK_ENTRY *bandstack_entry_previous();
      |                                                 ^
      |                                                  void
src/core/band.h:118:52: warning: a function declaration without a prototype is deprecated in all versions of C [-Wstrict-prototypes]
  118 | extern BANDSTACK_ENTRY *bandstack_entry_get_current();
      |                                                    ^
      |                                                     void
src/core/band.h:120:26: warning: a function declaration without a prototype is deprecated in all versions of C [-Wstrict-prototypes]
  120 | extern void bandSaveState();
      |                          ^
      |                           void
src/core/band.h:121:29: warning: a function declaration without a prototype is deprecated in all versions of C [-Wstrict-prototypes]
  121 | extern void bandRestoreState();
      |                             ^
      |                              void
In file included from src/dsp/diversity_mixer.c:49:
src/proto/protocol1.h:23:27: warning: a function declaration without a prototype is deprecated in all versions of C [-Wstrict-prototypes]
   23 | extern void protocol1_stop();
      |                           ^
      |                            void
src/proto/protocol1.h:24:26: warning: a function declaration without a prototype is deprecated in all versions of C [-Wstrict-prototypes]
   24 | extern void protocol1_run();
      |                          ^
      |                           void
src/proto/protocol1.h:25:32: warning: a function declaration without a prototype is deprecated in all versions of C [-Wstrict-prototypes]
   25 | extern void protocol1_reconnect();
      |                                ^
      |                                 void
src/proto/protocol1.h:34:37: warning: a function declaration without a prototype is deprecated in all versions of C [-Wstrict-prototypes]
   34 | extern gboolean protocol1_is_running();
      |                                     ^
      |                                      void
In file included from src/dsp/diversity_mixer.c:50:
src/proto/protocol2.h:60:27: warning: a function declaration without a prototype is deprecated in all versions of C [-Wstrict-prototypes]
   60 | extern void protocol2_stop();
      |                           ^
      |                            void
src/proto/protocol2.h:61:26: warning: a function declaration without a prototype is deprecated in all versions of C [-Wstrict-prototypes]
   61 | extern void protocol2_run();
      |                          ^
      |                           void
src/proto/protocol2.h:62:32: warning: a function declaration without a prototype is deprecated in all versions of C [-Wstrict-prototypes]
   62 | extern void protocol2_reconnect();
      |                                ^
      |                                 void
src/proto/protocol2.h:65:36: warning: a function declaration without a prototype is deprecated in all versions of C [-Wstrict-prototypes]
   65 | extern void protocol2_high_priority();
      |                                    ^
      |                                     void
src/proto/protocol2.h:66:30: warning: a function declaration without a prototype is deprecated in all versions of C [-Wstrict-prototypes]
   66 | extern void protocol2_general();
      |                              ^
      |                               void
src/proto/protocol2.h:67:39: warning: a function declaration without a prototype is deprecated in all versions of C [-Wstrict-prototypes]
   67 | extern void protocol2_receive_specific();
      |                                       ^
      |                                        void
src/proto/protocol2.h:70:36: warning: a function declaration without a prototype is deprecated in all versions of C [-Wstrict-prototypes]
   70 | extern void protocol2_stop_wideband();
      |                                    ^
      |                                     void
src/proto/protocol2.h:72:33: warning: a function declaration without a prototype is deprecated in all versions of C [-Wstrict-prototypes]
   72 | extern void filter_board_changed();
      |                                 ^
      |                                  void
src/proto/protocol2.h:73:23: warning: a function declaration without a prototype is deprecated in all versions of C [-Wstrict-prototypes]
   73 | extern void pa_changed();
      |                       ^
      |                        void
src/proto/protocol2.h:74:26: warning: a function declaration without a prototype is deprecated in all versions of C [-Wstrict-prototypes]
   74 | extern void tuner_changed();
      |                          ^
      |                           void
src/proto/protocol2.h:75:23: warning: a function declaration without a prototype is deprecated in all versions of C [-Wstrict-prototypes]
   75 | extern void cw_changed();
      |                       ^
      |                        void
src/proto/protocol2.h:78:18: warning: a function declaration without a prototype is deprecated in all versions of C [-Wstrict-prototypes]
   78 | extern int getMox();
      |                  ^
      |                   void
src/proto/protocol2.h:80:19: warning: a function declaration without a prototype is deprecated in all versions of C [-Wstrict-prototypes]
   80 | extern int getTune();
      |                   ^
      |                    void
src/proto/protocol2.h:85:37: warning: a function declaration without a prototype is deprecated in all versions of C [-Wstrict-prototypes]
   85 | extern gboolean protocol2_is_running();
      |                                     ^
      |                                      void
In file included from src/dsp/diversity_mixer.c:51:
src/audio/audio.h:58:28: warning: a function declaration without a prototype is deprecated in all versions of C [-Wstrict-prototypes]
   58 | extern void audio_get_cards();
      |                            ^
      |                             void
In file included from src/dsp/diversity_mixer.c:55:
src/proto/rigctl.h:10:27: warning: a function declaration without a prototype is deprecated in all versions of C [-Wstrict-prototypes]
   10 | extern int   rigctlGetMode();
      |                           ^
      |                            void
src/proto/rigctl.h:12:30: warning: a function declaration without a prototype is deprecated in all versions of C [-Wstrict-prototypes]
   12 | extern char * rigctlGetFilter();
      |                              ^
      |                               void
32 warnings generated.
In file included from src/ui/diversity_dialog.c:30:
src/core/filter.h:46:28: warning: a function declaration without a prototype is deprecated in all versions of C [-Wstrict-prototypes]
   46 | extern void filterSaveState();
      |                            ^
      |                             void
src/core/filter.h:47:31: warning: a function declaration without a prototype is deprecated in all versions of C [-Wstrict-prototypes]
   47 | extern void filterRestoreState();
      |                               ^
      |                                void
In file included from src/ui/diversity_dialog.c:31:
src/core/band.h:107:28: warning: a function declaration without a prototype is deprecated in all versions of C [-Wstrict-prototypes]
  107 | extern int band_get_current();
      |                            ^
      |                             void
src/core/band.h:108:35: warning: a function declaration without a prototype is deprecated in all versions of C [-Wstrict-prototypes]
  108 | extern BAND *band_get_current_band();
      |                                   ^
      |                                    void
src/core/band.h:116:45: warning: a function declaration without a prototype is deprecated in all versions of C [-Wstrict-prototypes]
  116 | extern BANDSTACK_ENTRY *bandstack_entry_next();
      |                                             ^
      |                                              void
src/core/band.h:117:49: warning: a function declaration without a prototype is deprecated in all versions of C [-Wstrict-prototypes]
  117 | extern BANDSTACK_ENTRY *bandstack_entry_previous();
      |                                                 ^
      |                                                  void
src/core/band.h:118:52: warning: a function declaration without a prototype is deprecated in all versions of C [-Wstrict-prototypes]
  118 | extern BANDSTACK_ENTRY *bandstack_entry_get_current();
      |                                                    ^
      |                                                     void
src/core/band.h:120:26: warning: a function declaration without a prototype is deprecated in all versions of C [-Wstrict-prototypes]
  120 | extern void bandSaveState();
      |                          ^
      |                           void
src/core/band.h:121:29: warning: a function declaration without a prototype is deprecated in all versions of C [-Wstrict-prototypes]
  121 | extern void bandRestoreState();
      |                             ^
      |                              void
9 warnings generated.
In file included from src/proto/rigctl.c:38:
wdsp/wdsp.h:12:19: warning: a function declaration without a prototype is deprecated in all versions of C [-Wstrict-prototypes]
   12 | int GetWDSPVersion();
      |                   ^
      |                    void
wdsp/wdsp.h:367:24: warning: a function declaration without a prototype is deprecated in all versions of C [-Wstrict-prototypes]
  367 | char *wisdom_get_status();
      |                        ^
      |                         void
In file included from src/proto/rigctl.c:42:
src/proto/rigctl.h:10:27: warning: a function declaration without a prototype is deprecated in all versions of C [-Wstrict-prototypes]
   10 | extern int   rigctlGetMode();
      |                           ^
      |                            void
src/proto/rigctl.h:12:30: warning: a function declaration without a prototype is deprecated in all versions of C [-Wstrict-prototypes]
   12 | extern char * rigctlGetFilter();
      |                              ^
      |                               void
In file included from src/proto/rigctl.c:49:
In file included from src/core/radio.h:34:
src/core/band.h:107:28: warning: a function declaration without a prototype is deprecated in all versions of C [-Wstrict-prototypes]
  107 | extern int band_get_current();
      |                            ^
      |                             void
src/core/band.h:108:35: warning: a function declaration without a prototype is deprecated in all versions of C [-Wstrict-prototypes]
  108 | extern BAND *band_get_current_band();
      |                                   ^
      |                                    void
src/core/band.h:116:45: warning: a function declaration without a prototype is deprecated in all versions of C [-Wstrict-prototypes]
  116 | extern BANDSTACK_ENTRY *bandstack_entry_next();
      |                                             ^
      |                                              void
src/core/band.h:117:49: warning: a function declaration without a prototype is deprecated in all versions of C [-Wstrict-prototypes]
  117 | extern BANDSTACK_ENTRY *bandstack_entry_previous();
      |                                                 ^
      |                                                  void
src/core/band.h:118:52: warning: a function declaration without a prototype is deprecated in all versions of C [-Wstrict-prototypes]
  118 | extern BANDSTACK_ENTRY *bandstack_entry_get_current();
      |                                                    ^
      |                                                     void
src/core/band.h:120:26: warning: a function declaration without a prototype is deprecated in all versions of C [-Wstrict-prototypes]
  120 | extern void bandSaveState();
      |                          ^
      |                           void
src/core/band.h:121:29: warning: a function declaration without a prototype is deprecated in all versions of C [-Wstrict-prototypes]
  121 | extern void bandRestoreState();
      |                             ^
      |                              void
In file included from src/proto/rigctl.c:52:
src/core/filter.h:46:28: warning: a function declaration without a prototype is deprecated in all versions of C [-Wstrict-prototypes]
   46 | extern void filterSaveState();
      |                            ^
      |                             void
src/core/filter.h:47:31: warning: a function declaration without a prototype is deprecated in all versions of C [-Wstrict-prototypes]
   47 | extern void filterRestoreState();
      |                               ^
      |                                void
In file included from src/proto/rigctl.c:64:
src/proto/protocol1.h:23:27: warning: a function declaration without a prototype is deprecated in all versions of C [-Wstrict-prototypes]
   23 | extern void protocol1_stop();
      |                           ^
      |                            void
src/proto/protocol1.h:24:26: warning: a function declaration without a prototype is deprecated in all versions of C [-Wstrict-prototypes]
   24 | extern void protocol1_run();
      |                          ^
      |                           void
src/proto/protocol1.h:25:32: warning: a function declaration without a prototype is deprecated in all versions of C [-Wstrict-prototypes]
   25 | extern void protocol1_reconnect();
      |                                ^
      |                                 void
src/proto/protocol1.h:34:37: warning: a function declaration without a prototype is deprecated in all versions of C [-Wstrict-prototypes]
   34 | extern gboolean protocol1_is_running();
      |                                     ^
      |                                      void
src/proto/rigctl.c:86:23: warning: a function declaration without a prototype is deprecated in all versions of C [-Wstrict-prototypes]
   86 | int rigctlGetFilterLow();
      |                       ^
      |                        void
src/proto/rigctl.c:87:24: warning: a function declaration without a prototype is deprecated in all versions of C [-Wstrict-prototypes]
   87 | int rigctlGetFilterHigh();
      |                        ^
      |                         void
19 warnings generated.
In file included from src/dsp/bpsk.c:24:
wdsp/wdsp.h:12:19: warning: a function declaration without a prototype is deprecated in all versions of C [-Wstrict-prototypes]
   12 | int GetWDSPVersion();
      |                   ^
      |                    void
wdsp/wdsp.h:367:24: warning: a function declaration without a prototype is deprecated in all versions of C [-Wstrict-prototypes]
  367 | char *wisdom_get_status();
      |                        ^
      |                         void
In file included from src/dsp/bpsk.c:30:
src/core/band.h:107:28: warning: a function declaration without a prototype is deprecated in all versions of C [-Wstrict-prototypes]
  107 | extern int band_get_current();
      |                            ^
      |                             void
src/core/band.h:108:35: warning: a function declaration without a prototype is deprecated in all versions of C [-Wstrict-prototypes]
  108 | extern BAND *band_get_current_band();
      |                                   ^
      |                                    void
src/core/band.h:116:45: warning: a function declaration without a prototype is deprecated in all versions of C [-Wstrict-prototypes]
  116 | extern BANDSTACK_ENTRY *bandstack_entry_next();
      |                                             ^
      |                                              void
src/core/band.h:117:49: warning: a function declaration without a prototype is deprecated in all versions of C [-Wstrict-prototypes]
  117 | extern BANDSTACK_ENTRY *bandstack_entry_previous();
      |                                                 ^
      |                                                  void
src/core/band.h:118:52: warning: a function declaration without a prototype is deprecated in all versions of C [-Wstrict-prototypes]
  118 | extern BANDSTACK_ENTRY *bandstack_entry_get_current();
      |                                                    ^
      |                                                     void
src/core/band.h:120:26: warning: a function declaration without a prototype is deprecated in all versions of C [-Wstrict-prototypes]
  120 | extern void bandSaveState();
      |                          ^
      |                           void
src/core/band.h:121:29: warning: a function declaration without a prototype is deprecated in all versions of C [-Wstrict-prototypes]
  121 | extern void bandRestoreState();
      |                             ^
      |                              void
In file included from src/dsp/bpsk.c:33:
src/core/filter.h:46:28: warning: a function declaration without a prototype is deprecated in all versions of C [-Wstrict-prototypes]
   46 | extern void filterSaveState();
      |                            ^
      |                             void
src/core/filter.h:47:31: warning: a function declaration without a prototype is deprecated in all versions of C [-Wstrict-prototypes]
   47 | extern void filterRestoreState();
      |                               ^
      |                                void
In file included from src/dsp/bpsk.c:39:
src/ui/xvtr_dialog.h:21:22: warning: a function declaration without a prototype is deprecated in all versions of C [-Wstrict-prototypes]
   21 | extern void save_xvtr();
      |                      ^
      |                       void
12 warnings generated.
In file included from src/proto/hl2.c:28:
src/core/filter.h:46:28: warning: a function declaration without a prototype is deprecated in all versions of C [-Wstrict-prototypes]
   46 | extern void filterSaveState();
      |                            ^
      |                             void
src/core/filter.h:47:31: warning: a function declaration without a prototype is deprecated in all versions of C [-Wstrict-prototypes]
   47 | extern void filterRestoreState();
      |                               ^
      |                                void
In file included from src/proto/hl2.c:30:
src/core/band.h:107:28: warning: a function declaration without a prototype is deprecated in all versions of C [-Wstrict-prototypes]
  107 | extern int band_get_current();
      |                            ^
      |                             void
src/core/band.h:108:35: warning: a function declaration without a prototype is deprecated in all versions of C [-Wstrict-prototypes]
  108 | extern BAND *band_get_current_band();
      |                                   ^
      |                                    void
src/core/band.h:116:45: warning: a function declaration without a prototype is deprecated in all versions of C [-Wstrict-prototypes]
  116 | extern BANDSTACK_ENTRY *bandstack_entry_next();
      |                                             ^
      |                                              void
src/core/band.h:117:49: warning: a function declaration without a prototype is deprecated in all versions of C [-Wstrict-prototypes]
  117 | extern BANDSTACK_ENTRY *bandstack_entry_previous();
      |                                                 ^
      |                                                  void
src/core/band.h:118:52: warning: a function declaration without a prototype is deprecated in all versions of C [-Wstrict-prototypes]
  118 | extern BANDSTACK_ENTRY *bandstack_entry_get_current();
      |                                                    ^
      |                                                     void
src/core/band.h:120:26: warning: a function declaration without a prototype is deprecated in all versions of C [-Wstrict-prototypes]
  120 | extern void bandSaveState();
      |                          ^
      |                           void
src/core/band.h:121:29: warning: a function declaration without a prototype is deprecated in all versions of C [-Wstrict-prototypes]
  121 | extern void bandRestoreState();
      |                             ^
      |                              void
In file included from src/proto/hl2.c:47:
src/proto/protocol1.h:23:27: warning: a function declaration without a prototype is deprecated in all versions of C [-Wstrict-prototypes]
   23 | extern void protocol1_stop();
      |                           ^
      |                            void
src/proto/protocol1.h:24:26: warning: a function declaration without a prototype is deprecated in all versions of C [-Wstrict-prototypes]
   24 | extern void protocol1_run();
      |                          ^
      |                           void
src/proto/protocol1.h:25:32: warning: a function declaration without a prototype is deprecated in all versions of C [-Wstrict-prototypes]
   25 | extern void protocol1_reconnect();
      |                                ^
      |                                 void
src/proto/protocol1.h:34:37: warning: a function declaration without a prototype is deprecated in all versions of C [-Wstrict-prototypes]
   34 | extern gboolean protocol1_is_running();
      |                                     ^
      |                                      void
In file included from src/proto/hl2.c:48:
src/proto/protocol2.h:60:27: warning: a function declaration without a prototype is deprecated in all versions of C [-Wstrict-prototypes]
   60 | extern void protocol2_stop();
      |                           ^
      |                            void
src/proto/protocol2.h:61:26: warning: a function declaration without a prototype is deprecated in all versions of C [-Wstrict-prototypes]
   61 | extern void protocol2_run();
      |                          ^
      |                           void
src/proto/protocol2.h:62:32: warning: a function declaration without a prototype is deprecated in all versions of C [-Wstrict-prototypes]
   62 | extern void protocol2_reconnect();
      |                                ^
      |                                 void
src/proto/protocol2.h:65:36: warning: a function declaration without a prototype is deprecated in all versions of C [-Wstrict-prototypes]
   65 | extern void protocol2_high_priority();
      |                                    ^
      |                                     void
src/proto/protocol2.h:66:30: warning: a function declaration without a prototype is deprecated in all versions of C [-Wstrict-prototypes]
   66 | extern void protocol2_general();
      |                              ^
      |                               void
src/proto/protocol2.h:67:39: warning: a function declaration without a prototype is deprecated in all versions of C [-Wstrict-prototypes]
   67 | extern void protocol2_receive_specific();
      |                                       ^
      |                                        void
src/proto/protocol2.h:70:36: warning: a function declaration without a prototype is deprecated in all versions of C [-Wstrict-prototypes]
   70 | extern void protocol2_stop_wideband();
      |                                    ^
      |                                     void
src/proto/protocol2.h:72:33: warning: a function declaration without a prototype is deprecated in all versions of C [-Wstrict-prototypes]
   72 | extern void filter_board_changed();
      |                                 ^
      |                                  void
src/proto/protocol2.h:73:23: warning: a function declaration without a prototype is deprecated in all versions of C [-Wstrict-prototypes]
   73 | extern void pa_changed();
      |                       ^
      |                        void
src/proto/protocol2.h:74:26: warning: a function declaration without a prototype is deprecated in all versions of C [-Wstrict-prototypes]
   74 | extern void tuner_changed();
      |                          ^
      |                           void
src/proto/protocol2.h:75:23: warning: a function declaration without a prototype is deprecated in all versions of C [-Wstrict-prototypes]
   75 | extern void cw_changed();
      |                       ^
      |                        void
src/proto/protocol2.h:78:18: warning: a function declaration without a prototype is deprecated in all versions of C [-Wstrict-prototypes]
   78 | extern int getMox();
      |                  ^
      |                   void
src/proto/protocol2.h:80:19: warning: a function declaration without a prototype is deprecated in all versions of C [-Wstrict-prototypes]
   80 | extern int getTune();
      |                   ^
      |                    void
src/proto/protocol2.h:85:37: warning: a function declaration without a prototype is deprecated in all versions of C [-Wstrict-prototypes]
   85 | extern gboolean protocol2_is_running();
      |                                     ^
      |                                      void
In file included from src/proto/hl2.c:49:
src/audio/audio.h:58:28: warning: a function declaration without a prototype is deprecated in all versions of C [-Wstrict-prototypes]
   58 | extern void audio_get_cards();
      |                            ^
      |                             void
In file included from src/proto/hl2.c:53:
src/proto/rigctl.h:10:27: warning: a function declaration without a prototype is deprecated in all versions of C [-Wstrict-prototypes]
   10 | extern int   rigctlGetMode();
      |                           ^
      |                            void
src/proto/rigctl.h:12:30: warning: a function declaration without a prototype is deprecated in all versions of C [-Wstrict-prototypes]
   12 | extern char * rigctlGetFilter();
      |                              ^
      |                               void
30 warnings generated.
In file included from src/ui/level_meter.c:23:
src/ui/css.h:1:21: warning: a function declaration without a prototype is deprecated in all versions of C [-Wstrict-prototypes]
    1 | extern void load_css();
      |                     ^
      |                      void
1 warning generated.
In file included from src/ui/tx_info.c:32:
In file included from src/core/radio.h:34:
src/core/band.h:107:28: warning: a function declaration without a prototype is deprecated in all versions of C [-Wstrict-prototypes]
  107 | extern int band_get_current();
      |                            ^
      |                             void
src/core/band.h:108:35: warning: a function declaration without a prototype is deprecated in all versions of C [-Wstrict-prototypes]
  108 | extern BAND *band_get_current_band();
      |                                   ^
      |                                    void
src/core/band.h:116:45: warning: a function declaration without a prototype is deprecated in all versions of C [-Wstrict-prototypes]
  116 | extern BANDSTACK_ENTRY *bandstack_entry_next();
      |                                             ^
      |                                              void
src/core/band.h:117:49: warning: a function declaration without a prototype is deprecated in all versions of C [-Wstrict-prototypes]
  117 | extern BANDSTACK_ENTRY *bandstack_entry_previous();
      |                                                 ^
      |                                                  void
src/core/band.h:118:52: warning: a function declaration without a prototype is deprecated in all versions of C [-Wstrict-prototypes]
  118 | extern BANDSTACK_ENTRY *bandstack_entry_get_current();
      |                                                    ^
      |                                                     void
src/core/band.h:120:26: warning: a function declaration without a prototype is deprecated in all versions of C [-Wstrict-prototypes]
  120 | extern void bandSaveState();
      |                          ^
      |                           void
src/core/band.h:121:29: warning: a function declaration without a prototype is deprecated in all versions of C [-Wstrict-prototypes]
  121 | extern void bandRestoreState();
      |                             ^
      |                              void
In file included from src/ui/tx_info.c:40:
src/proto/soapy_protocol.h:25:33: warning: a function declaration without a prototype is deprecated in all versions of C [-Wstrict-prototypes]
   25 | SoapySDRDevice *get_soapy_device();
      |                                 ^
      |                                  void
src/proto/soapy_protocol.h:31:25: warning: a function declaration without a prototype is deprecated in all versions of C [-Wstrict-prototypes]
   31 | void soapy_protocol_stop();
      |                         ^
      |                          void
src/proto/soapy_protocol.h:44:29: warning: a function declaration without a prototype is deprecated in all versions of C [-Wstrict-prototypes]
   44 | void soapy_protocol_rx_pause();
      |                             ^
      |                              void
src/proto/soapy_protocol.h:45:30: warning: a function declaration without a prototype is deprecated in all versions of C [-Wstrict-prototypes]
   45 | void soapy_protocol_rx_resume();
      |                              ^
      |                               void
src/proto/soapy_protocol.h:56:35: warning: a function declaration without a prototype is deprecated in all versions of C [-Wstrict-prototypes]
   56 | gboolean soapy_protocol_is_running();
      |                                   ^
      |                                    void
12 warnings generated.
In file included from src/ui/tx_info_meter.c:22:
wdsp/wdsp.h:12:19: warning: a function declaration without a prototype is deprecated in all versions of C [-Wstrict-prototypes]
   12 | int GetWDSPVersion();
      |                   ^
      |                    void
wdsp/wdsp.h:367:24: warning: a function declaration without a prototype is deprecated in all versions of C [-Wstrict-prototypes]
  367 | char *wisdom_get_status();
      |                        ^
      |                         void
In file included from src/ui/tx_info_meter.c:34:
In file included from src/core/radio.h:34:
src/core/band.h:107:28: warning: a function declaration without a prototype is deprecated in all versions of C [-Wstrict-prototypes]
  107 | extern int band_get_current();
      |                            ^
      |                             void
src/core/band.h:108:35: warning: a function declaration without a prototype is deprecated in all versions of C [-Wstrict-prototypes]
  108 | extern BAND *band_get_current_band();
      |                                   ^
      |                                    void
src/core/band.h:116:45: warning: a function declaration without a prototype is deprecated in all versions of C [-Wstrict-prototypes]
  116 | extern BANDSTACK_ENTRY *bandstack_entry_next();
      |                                             ^
      |                                              void
src/core/band.h:117:49: warning: a function declaration without a prototype is deprecated in all versions of C [-Wstrict-prototypes]
  117 | extern BANDSTACK_ENTRY *bandstack_entry_previous();
      |                                                 ^
      |                                                  void
src/core/band.h:118:52: warning: a function declaration without a prototype is deprecated in all versions of C [-Wstrict-prototypes]
  118 | extern BANDSTACK_ENTRY *bandstack_entry_get_current();
      |                                                    ^
      |                                                     void
src/core/band.h:120:26: warning: a function declaration without a prototype is deprecated in all versions of C [-Wstrict-prototypes]
  120 | extern void bandSaveState();
      |                          ^
      |                           void
src/core/band.h:121:29: warning: a function declaration without a prototype is deprecated in all versions of C [-Wstrict-prototypes]
  121 | extern void bandRestoreState();
      |                             ^
      |                              void
9 warnings generated.
In file included from src/core/subrx.c:24:
wdsp/wdsp.h:12:19: warning: a function declaration without a prototype is deprecated in all versions of C [-Wstrict-prototypes]
   12 | int GetWDSPVersion();
      |                   ^
      |                    void
wdsp/wdsp.h:367:24: warning: a function declaration without a prototype is deprecated in all versions of C [-Wstrict-prototypes]
  367 | char *wisdom_get_status();
      |                        ^
      |                         void
In file included from src/core/subrx.c:36:
src/core/filter.h:46:28: warning: a function declaration without a prototype is deprecated in all versions of C [-Wstrict-prototypes]
   46 | extern void filterSaveState();
      |                            ^
      |                             void
src/core/filter.h:47:31: warning: a function declaration without a prototype is deprecated in all versions of C [-Wstrict-prototypes]
   47 | extern void filterRestoreState();
      |                               ^
      |                                void
In file included from src/core/subrx.c:37:
In file included from src/core/radio.h:34:
src/core/band.h:107:28: warning: a function declaration without a prototype is deprecated in all versions of C [-Wstrict-prototypes]
  107 | extern int band_get_current();
      |                            ^
      |                             void
src/core/band.h:108:35: warning: a function declaration without a prototype is deprecated in all versions of C [-Wstrict-prototypes]
  108 | extern BAND *band_get_current_band();
      |                                   ^
      |                                    void
src/core/band.h:116:45: warning: a function declaration without a prototype is deprecated in all versions of C [-Wstrict-prototypes]
  116 | extern BANDSTACK_ENTRY *bandstack_entry_next();
      |                                             ^
      |                                              void
src/core/band.h:117:49: warning: a function declaration without a prototype is deprecated in all versions of C [-Wstrict-prototypes]
  117 | extern BANDSTACK_ENTRY *bandstack_entry_previous();
      |                                                 ^
      |                                                  void
src/core/band.h:118:52: warning: a function declaration without a prototype is deprecated in all versions of C [-Wstrict-prototypes]
  118 | extern BANDSTACK_ENTRY *bandstack_entry_get_current();
      |                                                    ^
      |                                                     void
src/core/band.h:120:26: warning: a function declaration without a prototype is deprecated in all versions of C [-Wstrict-prototypes]
  120 | extern void bandSaveState();
      |                          ^
      |                           void
src/core/band.h:121:29: warning: a function declaration without a prototype is deprecated in all versions of C [-Wstrict-prototypes]
  121 | extern void bandRestoreState();
      |                             ^
      |                              void
11 warnings generated.
In file included from src/core/actions.c:8:
src/core/filter.h:46:28: warning: a function declaration without a prototype is deprecated in all versions of C [-Wstrict-prototypes]
   46 | extern void filterSaveState();
      |                            ^
      |                             void
src/core/filter.h:47:31: warning: a function declaration without a prototype is deprecated in all versions of C [-Wstrict-prototypes]
   47 | extern void filterRestoreState();
      |                               ^
      |                                void
In file included from src/core/actions.c:13:
In file included from src/core/radio.h:34:
src/core/band.h:107:28: warning: a function declaration without a prototype is deprecated in all versions of C [-Wstrict-prototypes]
  107 | extern int band_get_current();
      |                            ^
      |                             void
src/core/band.h:108:35: warning: a function declaration without a prototype is deprecated in all versions of C [-Wstrict-prototypes]
  108 | extern BAND *band_get_current_band();
      |                                   ^
      |                                    void
src/core/band.h:116:45: warning: a function declaration without a prototype is deprecated in all versions of C [-Wstrict-prototypes]
  116 | extern BANDSTACK_ENTRY *bandstack_entry_next();
      |                                             ^
      |                                              void
src/core/band.h:117:49: warning: a function declaration without a prototype is deprecated in all versions of C [-Wstrict-prototypes]
  117 | extern BANDSTACK_ENTRY *bandstack_entry_previous();
      |                                                 ^
      |                                                  void
src/core/band.h:118:52: warning: a function declaration without a prototype is deprecated in all versions of C [-Wstrict-prototypes]
  118 | extern BANDSTACK_ENTRY *bandstack_entry_get_current();
      |                                                    ^
      |                                                     void
src/core/band.h:120:26: warning: a function declaration without a prototype is deprecated in all versions of C [-Wstrict-prototypes]
  120 | extern void bandSaveState();
      |                          ^
      |                           void
src/core/band.h:121:29: warning: a function declaration without a prototype is deprecated in all versions of C [-Wstrict-prototypes]
  121 | extern void bandRestoreState();
      |                             ^
      |                              void
In file included from src/core/actions.c:17:
src/proto/protocol2.h:60:27: warning: a function declaration without a prototype is deprecated in all versions of C [-Wstrict-prototypes]
   60 | extern void protocol2_stop();
      |                           ^
      |                            void
src/proto/protocol2.h:61:26: warning: a function declaration without a prototype is deprecated in all versions of C [-Wstrict-prototypes]
   61 | extern void protocol2_run();
      |                          ^
      |                           void
src/proto/protocol2.h:62:32: warning: a function declaration without a prototype is deprecated in all versions of C [-Wstrict-prototypes]
   62 | extern void protocol2_reconnect();
      |                                ^
      |                                 void
src/proto/protocol2.h:65:36: warning: a function declaration without a prototype is deprecated in all versions of C [-Wstrict-prototypes]
   65 | extern void protocol2_high_priority();
      |                                    ^
      |                                     void
src/proto/protocol2.h:66:30: warning: a function declaration without a prototype is deprecated in all versions of C [-Wstrict-prototypes]
   66 | extern void protocol2_general();
      |                              ^
      |                               void
src/proto/protocol2.h:67:39: warning: a function declaration without a prototype is deprecated in all versions of C [-Wstrict-prototypes]
   67 | extern void protocol2_receive_specific();
      |                                       ^
      |                                        void
src/proto/protocol2.h:70:36: warning: a function declaration without a prototype is deprecated in all versions of C [-Wstrict-prototypes]
   70 | extern void protocol2_stop_wideband();
      |                                    ^
      |                                     void
src/proto/protocol2.h:72:33: warning: a function declaration without a prototype is deprecated in all versions of C [-Wstrict-prototypes]
   72 | extern void filter_board_changed();
      |                                 ^
      |                                  void
src/proto/protocol2.h:73:23: warning: a function declaration without a prototype is deprecated in all versions of C [-Wstrict-prototypes]
   73 | extern void pa_changed();
      |                       ^
      |                        void
src/proto/protocol2.h:74:26: warning: a function declaration without a prototype is deprecated in all versions of C [-Wstrict-prototypes]
   74 | extern void tuner_changed();
      |                          ^
      |                           void
src/proto/protocol2.h:75:23: warning: a function declaration without a prototype is deprecated in all versions of C [-Wstrict-prototypes]
   75 | extern void cw_changed();
      |                       ^
      |                        void
src/proto/protocol2.h:78:18: warning: a function declaration without a prototype is deprecated in all versions of C [-Wstrict-prototypes]
   78 | extern int getMox();
      |                  ^
      |                   void
src/proto/protocol2.h:80:19: warning: a function declaration without a prototype is deprecated in all versions of C [-Wstrict-prototypes]
   80 | extern int getTune();
      |                   ^
      |                    void
src/proto/protocol2.h:85:37: warning: a function declaration without a prototype is deprecated in all versions of C [-Wstrict-prototypes]
   85 | extern gboolean protocol2_is_running();
      |                                     ^
      |                                      void
In file included from src/core/actions.c:19:
src/proto/soapy_protocol.h:25:33: warning: a function declaration without a prototype is deprecated in all versions of C [-Wstrict-prototypes]
   25 | SoapySDRDevice *get_soapy_device();
      |                                 ^
      |                                  void
src/proto/soapy_protocol.h:31:25: warning: a function declaration without a prototype is deprecated in all versions of C [-Wstrict-prototypes]
   31 | void soapy_protocol_stop();
      |                         ^
      |                          void
src/proto/soapy_protocol.h:44:29: warning: a function declaration without a prototype is deprecated in all versions of C [-Wstrict-prototypes]
   44 | void soapy_protocol_rx_pause();
      |                             ^
      |                              void
src/proto/soapy_protocol.h:45:30: warning: a function declaration without a prototype is deprecated in all versions of C [-Wstrict-prototypes]
   45 | void soapy_protocol_rx_resume();
      |                              ^
      |                               void
src/proto/soapy_protocol.h:56:35: warning: a function declaration without a prototype is deprecated in all versions of C [-Wstrict-prototypes]
   56 | gboolean soapy_protocol_is_running();
      |                                   ^
      |                                    void
28 warnings generated.
In file included from src/audio/recorder.c:29:
In file included from src/core/radio.h:34:
src/core/band.h:107:28: warning: a function declaration without a prototype is deprecated in all versions of C [-Wstrict-prototypes]
  107 | extern int band_get_current();
      |                            ^
      |                             void
src/core/band.h:108:35: warning: a function declaration without a prototype is deprecated in all versions of C [-Wstrict-prototypes]
  108 | extern BAND *band_get_current_band();
      |                                   ^
      |                                    void
src/core/band.h:116:45: warning: a function declaration without a prototype is deprecated in all versions of C [-Wstrict-prototypes]
  116 | extern BANDSTACK_ENTRY *bandstack_entry_next();
      |                                             ^
      |                                              void
src/core/band.h:117:49: warning: a function declaration without a prototype is deprecated in all versions of C [-Wstrict-prototypes]
  117 | extern BANDSTACK_ENTRY *bandstack_entry_previous();
      |                                                 ^
      |                                                  void
src/core/band.h:118:52: warning: a function declaration without a prototype is deprecated in all versions of C [-Wstrict-prototypes]
  118 | extern BANDSTACK_ENTRY *bandstack_entry_get_current();
      |                                                    ^
      |                                                     void
src/core/band.h:120:26: warning: a function declaration without a prototype is deprecated in all versions of C [-Wstrict-prototypes]
  120 | extern void bandSaveState();
      |                          ^
      |                           void
src/core/band.h:121:29: warning: a function declaration without a prototype is deprecated in all versions of C [-Wstrict-prototypes]
  121 | extern void bandRestoreState();
      |                             ^
      |                              void
7 warnings generated.
In file included from src/proto/dxcluster.c:50:
In file included from src/core/radio.h:34:
src/core/band.h:107:28: warning: a function declaration without a prototype is deprecated in all versions of C [-Wstrict-prototypes]
  107 | extern int band_get_current();
      |                            ^
      |                             void
src/core/band.h:108:35: warning: a function declaration without a prototype is deprecated in all versions of C [-Wstrict-prototypes]
  108 | extern BAND *band_get_current_band();
      |                                   ^
      |                                    void
src/core/band.h:116:45: warning: a function declaration without a prototype is deprecated in all versions of C [-Wstrict-prototypes]
  116 | extern BANDSTACK_ENTRY *bandstack_entry_next();
      |                                             ^
      |                                              void
src/core/band.h:117:49: warning: a function declaration without a prototype is deprecated in all versions of C [-Wstrict-prototypes]
  117 | extern BANDSTACK_ENTRY *bandstack_entry_previous();
      |                                                 ^
      |                                                  void
src/core/band.h:118:52: warning: a function declaration without a prototype is deprecated in all versions of C [-Wstrict-prototypes]
  118 | extern BANDSTACK_ENTRY *bandstack_entry_get_current();
      |                                                    ^
      |                                                     void
src/core/band.h:120:26: warning: a function declaration without a prototype is deprecated in all versions of C [-Wstrict-prototypes]
  120 | extern void bandSaveState();
      |                          ^
      |                           void
src/core/band.h:121:29: warning: a function declaration without a prototype is deprecated in all versions of C [-Wstrict-prototypes]
  121 | extern void bandRestoreState();
      |                             ^
      |                              void
7 warnings generated.
In file included from src/ui/cluster_dialog.c:29:
In file included from src/core/radio.h:34:
src/core/band.h:107:28: warning: a function declaration without a prototype is deprecated in all versions of C [-Wstrict-prototypes]
  107 | extern int band_get_current();
      |                            ^
      |                             void
src/core/band.h:108:35: warning: a function declaration without a prototype is deprecated in all versions of C [-Wstrict-prototypes]
  108 | extern BAND *band_get_current_band();
      |                                   ^
      |                                    void
src/core/band.h:116:45: warning: a function declaration without a prototype is deprecated in all versions of C [-Wstrict-prototypes]
  116 | extern BANDSTACK_ENTRY *bandstack_entry_next();
      |                                             ^
      |                                              void
src/core/band.h:117:49: warning: a function declaration without a prototype is deprecated in all versions of C [-Wstrict-prototypes]
  117 | extern BANDSTACK_ENTRY *bandstack_entry_previous();
      |                                                 ^
      |                                                  void
src/core/band.h:118:52: warning: a function declaration without a prototype is deprecated in all versions of C [-Wstrict-prototypes]
  118 | extern BANDSTACK_ENTRY *bandstack_entry_get_current();
      |                                                    ^
      |                                                     void
src/core/band.h:120:26: warning: a function declaration without a prototype is deprecated in all versions of C [-Wstrict-prototypes]
  120 | extern void bandSaveState();
      |                          ^
      |                           void
src/core/band.h:121:29: warning: a function declaration without a prototype is deprecated in all versions of C [-Wstrict-prototypes]
  121 | extern void bandRestoreState();
      |                             ^
      |                              void
7 warnings generated.
In file included from src/proto/tci.c:38:
In file included from src/core/radio.h:34:
src/core/band.h:107:28: warning: a function declaration without a prototype is deprecated in all versions of C [-Wstrict-prototypes]
  107 | extern int band_get_current();
      |                            ^
      |                             void
src/core/band.h:108:35: warning: a function declaration without a prototype is deprecated in all versions of C [-Wstrict-prototypes]
  108 | extern BAND *band_get_current_band();
      |                                   ^
      |                                    void
src/core/band.h:116:45: warning: a function declaration without a prototype is deprecated in all versions of C [-Wstrict-prototypes]
  116 | extern BANDSTACK_ENTRY *bandstack_entry_next();
      |                                             ^
      |                                              void
src/core/band.h:117:49: warning: a function declaration without a prototype is deprecated in all versions of C [-Wstrict-prototypes]
  117 | extern BANDSTACK_ENTRY *bandstack_entry_previous();
      |                                                 ^
      |                                                  void
src/core/band.h:118:52: warning: a function declaration without a prototype is deprecated in all versions of C [-Wstrict-prototypes]
  118 | extern BANDSTACK_ENTRY *bandstack_entry_get_current();
      |                                                    ^
      |                                                     void
src/core/band.h:120:26: warning: a function declaration without a prototype is deprecated in all versions of C [-Wstrict-prototypes]
  120 | extern void bandSaveState();
      |                          ^
      |                           void
src/core/band.h:121:29: warning: a function declaration without a prototype is deprecated in all versions of C [-Wstrict-prototypes]
  121 | extern void bandRestoreState();
      |                             ^
      |                              void
7 warnings generated.
In file included from src/ui/tci_dialog.c:29:
In file included from src/core/radio.h:34:
src/core/band.h:107:28: warning: a function declaration without a prototype is deprecated in all versions of C [-Wstrict-prototypes]
  107 | extern int band_get_current();
      |                            ^
      |                             void
src/core/band.h:108:35: warning: a function declaration without a prototype is deprecated in all versions of C [-Wstrict-prototypes]
  108 | extern BAND *band_get_current_band();
      |                                   ^
      |                                    void
src/core/band.h:116:45: warning: a function declaration without a prototype is deprecated in all versions of C [-Wstrict-prototypes]
  116 | extern BANDSTACK_ENTRY *bandstack_entry_next();
      |                                             ^
      |                                              void
src/core/band.h:117:49: warning: a function declaration without a prototype is deprecated in all versions of C [-Wstrict-prototypes]
  117 | extern BANDSTACK_ENTRY *bandstack_entry_previous();
      |                                                 ^
      |                                                  void
src/core/band.h:118:52: warning: a function declaration without a prototype is deprecated in all versions of C [-Wstrict-prototypes]
  118 | extern BANDSTACK_ENTRY *bandstack_entry_get_current();
      |                                                    ^
      |                                                     void
src/core/band.h:120:26: warning: a function declaration without a prototype is deprecated in all versions of C [-Wstrict-prototypes]
  120 | extern void bandSaveState();
      |                          ^
      |                           void
src/core/band.h:121:29: warning: a function declaration without a prototype is deprecated in all versions of C [-Wstrict-prototypes]
  121 | extern void bandRestoreState();
      |                             ^
      |                              void
7 warnings generated.
In file included from src/proto/soapy_discovery.c:28:
src/proto/soapy_discovery.h:23:21: warning: a function declaration without a prototype is deprecated in all versions of C [-Wstrict-prototypes]
   23 | void soapy_discovery();
      |                     ^
      |                      void
src/proto/soapy_discovery.c:270:21: warning: a function declaration without a prototype is deprecated in all versions of C [-Wstrict-prototypes]
  270 | void soapy_discovery() {
      |                     ^
      |                      void
2 warnings generated.
In file included from src/proto/soapy_protocol.c:24:
wdsp/wdsp.h:12:19: warning: a function declaration without a prototype is deprecated in all versions of C [-Wstrict-prototypes]
   12 | int GetWDSPVersion();
      |                   ^
      |                    void
wdsp/wdsp.h:367:24: warning: a function declaration without a prototype is deprecated in all versions of C [-Wstrict-prototypes]
  367 | char *wisdom_get_status();
      |                        ^
      |                         void
In file included from src/proto/soapy_protocol.c:31:
src/core/band.h:107:28: warning: a function declaration without a prototype is deprecated in all versions of C [-Wstrict-prototypes]
  107 | extern int band_get_current();
      |                            ^
      |                             void
src/core/band.h:108:35: warning: a function declaration without a prototype is deprecated in all versions of C [-Wstrict-prototypes]
  108 | extern BAND *band_get_current_band();
      |                                   ^
      |                                    void
src/core/band.h:116:45: warning: a function declaration without a prototype is deprecated in all versions of C [-Wstrict-prototypes]
  116 | extern BANDSTACK_ENTRY *bandstack_entry_next();
      |                                             ^
      |                                              void
src/core/band.h:117:49: warning: a function declaration without a prototype is deprecated in all versions of C [-Wstrict-prototypes]
  117 | extern BANDSTACK_ENTRY *bandstack_entry_previous();
      |                                                 ^
      |                                                  void
src/core/band.h:118:52: warning: a function declaration without a prototype is deprecated in all versions of C [-Wstrict-prototypes]
  118 | extern BANDSTACK_ENTRY *bandstack_entry_get_current();
      |                                                    ^
      |                                                     void
src/core/band.h:120:26: warning: a function declaration without a prototype is deprecated in all versions of C [-Wstrict-prototypes]
  120 | extern void bandSaveState();
      |                          ^
      |                           void
src/core/band.h:121:29: warning: a function declaration without a prototype is deprecated in all versions of C [-Wstrict-prototypes]
  121 | extern void bandRestoreState();
      |                             ^
      |                              void
In file included from src/proto/soapy_protocol.c:36:
src/core/filter.h:46:28: warning: a function declaration without a prototype is deprecated in all versions of C [-Wstrict-prototypes]
   46 | extern void filterSaveState();
      |                            ^
      |                             void
src/core/filter.h:47:31: warning: a function declaration without a prototype is deprecated in all versions of C [-Wstrict-prototypes]
   47 | extern void filterRestoreState();
      |                               ^
      |                                void
In file included from src/proto/soapy_protocol.c:44:
src/proto/protocol1.h:23:27: warning: a function declaration without a prototype is deprecated in all versions of C [-Wstrict-prototypes]
   23 | extern void protocol1_stop();
      |                           ^
      |                            void
src/proto/protocol1.h:24:26: warning: a function declaration without a prototype is deprecated in all versions of C [-Wstrict-prototypes]
   24 | extern void protocol1_run();
      |                          ^
      |                           void
src/proto/protocol1.h:25:32: warning: a function declaration without a prototype is deprecated in all versions of C [-Wstrict-prototypes]
   25 | extern void protocol1_reconnect();
      |                                ^
      |                                 void
src/proto/protocol1.h:34:37: warning: a function declaration without a prototype is deprecated in all versions of C [-Wstrict-prototypes]
   34 | extern gboolean protocol1_is_running();
      |                                     ^
      |                                      void
In file included from src/proto/soapy_protocol.c:45:
src/proto/soapy_protocol.h:25:33: warning: a function declaration without a prototype is deprecated in all versions of C [-Wstrict-prototypes]
   25 | SoapySDRDevice *get_soapy_device();
      |                                 ^
      |                                  void
src/proto/soapy_protocol.h:31:25: warning: a function declaration without a prototype is deprecated in all versions of C [-Wstrict-prototypes]
   31 | void soapy_protocol_stop();
      |                         ^
      |                          void
src/proto/soapy_protocol.h:44:29: warning: a function declaration without a prototype is deprecated in all versions of C [-Wstrict-prototypes]
   44 | void soapy_protocol_rx_pause();
      |                             ^
      |                              void
src/proto/soapy_protocol.h:45:30: warning: a function declaration without a prototype is deprecated in all versions of C [-Wstrict-prototypes]
   45 | void soapy_protocol_rx_resume();
      |                              ^
      |                               void
src/proto/soapy_protocol.h:56:35: warning: a function declaration without a prototype is deprecated in all versions of C [-Wstrict-prototypes]
   56 | gboolean soapy_protocol_is_running();
      |                                   ^
      |                                    void
In file included from src/proto/soapy_protocol.c:46:
src/audio/audio.h:58:28: warning: a function declaration without a prototype is deprecated in all versions of C [-Wstrict-prototypes]
   58 | extern void audio_get_cards();
      |                            ^
      |                             void
src/proto/soapy_protocol.c:98:33: warning: a function declaration without a prototype is deprecated in all versions of C [-Wstrict-prototypes]
   98 | SoapySDRDevice *get_soapy_device() {
      |                                 ^
      |                                  void
src/proto/soapy_protocol.c:466:29: warning: a function declaration without a prototype is deprecated in all versions of C [-Wstrict-prototypes]
  466 | void soapy_protocol_rx_pause() {
      |                             ^
      |                              void
src/proto/soapy_protocol.c:475:30: warning: a function declaration without a prototype is deprecated in all versions of C [-Wstrict-prototypes]
  475 | void soapy_protocol_rx_resume() {
      |                              ^
      |                               void
src/proto/soapy_protocol.c:562:25: warning: a function declaration without a prototype is deprecated in all versions of C [-Wstrict-prototypes]
  562 | void soapy_protocol_stop() {
      |                         ^
      |                          void
src/proto/soapy_protocol.c:795:35: warning: a function declaration without a prototype is deprecated in all versions of C [-Wstrict-prototypes]
  795 | gboolean soapy_protocol_is_running() {
      |                                   ^
      |                                    void
26 warnings generated.
In file included from src/midi/mac_midi.c:39:
In file included from src/core/radio.h:34:
src/core/band.h:107:28: warning: a function declaration without a prototype is deprecated in all versions of C [-Wstrict-prototypes]
  107 | extern int band_get_current();
      |                            ^
      |                             void
src/core/band.h:108:35: warning: a function declaration without a prototype is deprecated in all versions of C [-Wstrict-prototypes]
  108 | extern BAND *band_get_current_band();
      |                                   ^
      |                                    void
src/core/band.h:116:45: warning: a function declaration without a prototype is deprecated in all versions of C [-Wstrict-prototypes]
  116 | extern BANDSTACK_ENTRY *bandstack_entry_next();
      |                                             ^
      |                                              void
src/core/band.h:117:49: warning: a function declaration without a prototype is deprecated in all versions of C [-Wstrict-prototypes]
  117 | extern BANDSTACK_ENTRY *bandstack_entry_previous();
      |                                                 ^
      |                                                  void
src/core/band.h:118:52: warning: a function declaration without a prototype is deprecated in all versions of C [-Wstrict-prototypes]
  118 | extern BANDSTACK_ENTRY *bandstack_entry_get_current();
      |                                                    ^
      |                                                     void
src/core/band.h:120:26: warning: a function declaration without a prototype is deprecated in all versions of C [-Wstrict-prototypes]
  120 | extern void bandSaveState();
      |                          ^
      |                           void
src/core/band.h:121:29: warning: a function declaration without a prototype is deprecated in all versions of C [-Wstrict-prototypes]
  121 | extern void bandRestoreState();
      |                             ^
      |                              void
In file included from src/midi/mac_midi.c:40:
src/midi/midi.h:275:23: warning: a function declaration without a prototype is deprecated in all versions of C [-Wstrict-prototypes]
  275 | void close_midi_device();
      |                       ^
      |                        void
In file included from src/midi/mac_midi.c:41:
src/midi/midi_dialog.h:27:28: warning: a function declaration without a prototype is deprecated in all versions of C [-Wstrict-prototypes]
   27 | extern void midi_save_state();
      |                            ^
      |                             void
src/midi/midi_dialog.h:28:31: warning: a function declaration without a prototype is deprecated in all versions of C [-Wstrict-prototypes]
   28 | extern void midi_restore_state();
      |                               ^
      |                                void
src/midi/mac_midi.c:193:23: warning: a function declaration without a prototype is deprecated in all versions of C [-Wstrict-prototypes]
  193 | void close_midi_device() {
      |                       ^
      |                        void
src/midi/mac_midi.c:239:22: warning: a function declaration without a prototype is deprecated in all versions of C [-Wstrict-prototypes]
  239 | void get_midi_devices() {
      |                      ^
      |                       void
12 warnings generated.
In file included from src/midi/midi2.c:23:
In file included from src/core/radio.h:34:
src/core/band.h:107:28: warning: a function declaration without a prototype is deprecated in all versions of C [-Wstrict-prototypes]
  107 | extern int band_get_current();
      |                            ^
      |                             void
src/core/band.h:108:35: warning: a function declaration without a prototype is deprecated in all versions of C [-Wstrict-prototypes]
  108 | extern BAND *band_get_current_band();
      |                                   ^
      |                                    void
src/core/band.h:116:45: warning: a function declaration without a prototype is deprecated in all versions of C [-Wstrict-prototypes]
  116 | extern BANDSTACK_ENTRY *bandstack_entry_next();
      |                                             ^
      |                                              void
src/core/band.h:117:49: warning: a function declaration without a prototype is deprecated in all versions of C [-Wstrict-prototypes]
  117 | extern BANDSTACK_ENTRY *bandstack_entry_previous();
      |                                                 ^
      |                                                  void
src/core/band.h:118:52: warning: a function declaration without a prototype is deprecated in all versions of C [-Wstrict-prototypes]
  118 | extern BANDSTACK_ENTRY *bandstack_entry_get_current();
      |                                                    ^
      |                                                     void
src/core/band.h:120:26: warning: a function declaration without a prototype is deprecated in all versions of C [-Wstrict-prototypes]
  120 | extern void bandSaveState();
      |                          ^
      |                           void
src/core/band.h:121:29: warning: a function declaration without a prototype is deprecated in all versions of C [-Wstrict-prototypes]
  121 | extern void bandRestoreState();
      |                             ^
      |                              void
In file included from src/midi/midi2.c:25:
src/midi/midi.h:275:23: warning: a function declaration without a prototype is deprecated in all versions of C [-Wstrict-prototypes]
  275 | void close_midi_device();
      |                       ^
      |                        void
8 warnings generated.
In file included from src/midi/midi3.c:16:
src/core/band.h:107:28: warning: a function declaration without a prototype is deprecated in all versions of C [-Wstrict-prototypes]
  107 | extern int band_get_current();
      |                            ^
      |                             void
src/core/band.h:108:35: warning: a function declaration without a prototype is deprecated in all versions of C [-Wstrict-prototypes]
  108 | extern BAND *band_get_current_band();
      |                                   ^
      |                                    void
src/core/band.h:116:45: warning: a function declaration without a prototype is deprecated in all versions of C [-Wstrict-prototypes]
  116 | extern BANDSTACK_ENTRY *bandstack_entry_next();
      |                                             ^
      |                                              void
src/core/band.h:117:49: warning: a function declaration without a prototype is deprecated in all versions of C [-Wstrict-prototypes]
  117 | extern BANDSTACK_ENTRY *bandstack_entry_previous();
      |                                                 ^
      |                                                  void
src/core/band.h:118:52: warning: a function declaration without a prototype is deprecated in all versions of C [-Wstrict-prototypes]
  118 | extern BANDSTACK_ENTRY *bandstack_entry_get_current();
      |                                                    ^
      |                                                     void
src/core/band.h:120:26: warning: a function declaration without a prototype is deprecated in all versions of C [-Wstrict-prototypes]
  120 | extern void bandSaveState();
      |                          ^
      |                           void
src/core/band.h:121:29: warning: a function declaration without a prototype is deprecated in all versions of C [-Wstrict-prototypes]
  121 | extern void bandRestoreState();
      |                             ^
      |                              void
In file included from src/midi/midi3.c:22:
src/core/filter.h:46:28: warning: a function declaration without a prototype is deprecated in all versions of C [-Wstrict-prototypes]
   46 | extern void filterSaveState();
      |                            ^
      |                             void
src/core/filter.h:47:31: warning: a function declaration without a prototype is deprecated in all versions of C [-Wstrict-prototypes]
   47 | extern void filterRestoreState();
      |                               ^
      |                                void
In file included from src/midi/midi3.c:30:
src/proto/protocol1.h:23:27: warning: a function declaration without a prototype is deprecated in all versions of C [-Wstrict-prototypes]
   23 | extern void protocol1_stop();
      |                           ^
      |                            void
src/proto/protocol1.h:24:26: warning: a function declaration without a prototype is deprecated in all versions of C [-Wstrict-prototypes]
   24 | extern void protocol1_run();
      |                          ^
      |                           void
src/proto/protocol1.h:25:32: warning: a function declaration without a prototype is deprecated in all versions of C [-Wstrict-prototypes]
   25 | extern void protocol1_reconnect();
      |                                ^
      |                                 void
src/proto/protocol1.h:34:37: warning: a function declaration without a prototype is deprecated in all versions of C [-Wstrict-prototypes]
   34 | extern gboolean protocol1_is_running();
      |                                     ^
      |                                      void
In file included from src/midi/midi3.c:31:
src/audio/audio.h:58:28: warning: a function declaration without a prototype is deprecated in all versions of C [-Wstrict-prototypes]
   58 | extern void audio_get_cards();
      |                            ^
      |                             void
In file included from src/midi/midi3.c:37:
src/midi/midi.h:275:23: warning: a function declaration without a prototype is deprecated in all versions of C [-Wstrict-prototypes]
  275 | void close_midi_device();
      |                       ^
      |                        void
15 warnings generated.
In file included from src/midi/midi_dialog.c:31:
src/core/filter.h:46:28: warning: a function declaration without a prototype is deprecated in all versions of C [-Wstrict-prototypes]
   46 | extern void filterSaveState();
      |                            ^
      |                             void
src/core/filter.h:47:31: warning: a function declaration without a prototype is deprecated in all versions of C [-Wstrict-prototypes]
   47 | extern void filterRestoreState();
      |                               ^
      |                                void
In file included from src/midi/midi_dialog.c:32:
src/core/band.h:107:28: warning: a function declaration without a prototype is deprecated in all versions of C [-Wstrict-prototypes]
  107 | extern int band_get_current();
      |                            ^
      |                             void
src/core/band.h:108:35: warning: a function declaration without a prototype is deprecated in all versions of C [-Wstrict-prototypes]
  108 | extern BAND *band_get_current_band();
      |                                   ^
      |                                    void
src/core/band.h:116:45: warning: a function declaration without a prototype is deprecated in all versions of C [-Wstrict-prototypes]
  116 | extern BANDSTACK_ENTRY *bandstack_entry_next();
      |                                             ^
      |                                              void
src/core/band.h:117:49: warning: a function declaration without a prototype is deprecated in all versions of C [-Wstrict-prototypes]
  117 | extern BANDSTACK_ENTRY *bandstack_entry_previous();
      |                                                 ^
      |                                                  void
src/core/band.h:118:52: warning: a function declaration without a prototype is deprecated in all versions of C [-Wstrict-prototypes]
  118 | extern BANDSTACK_ENTRY *bandstack_entry_get_current();
      |                                                    ^
      |                                                     void
src/core/band.h:120:26: warning: a function declaration without a prototype is deprecated in all versions of C [-Wstrict-prototypes]
  120 | extern void bandSaveState();
      |                          ^
      |                           void
src/core/band.h:121:29: warning: a function declaration without a prototype is deprecated in all versions of C [-Wstrict-prototypes]
  121 | extern void bandRestoreState();
      |                             ^
      |                              void
In file included from src/midi/midi_dialog.c:42:
src/midi/midi.h:275:23: warning: a function declaration without a prototype is deprecated in all versions of C [-Wstrict-prototypes]
  275 | void close_midi_device();
      |                       ^
      |                        void
In file included from src/midi/midi_dialog.c:43:
src/midi/alsa_midi.h:11:29: warning: a function declaration without a prototype is deprecated in all versions of C [-Wstrict-prototypes]
   11 | extern void get_midi_devices();
      |                             ^
      |                              void
src/midi/alsa_midi.h:12:30: warning: a function declaration without a prototype is deprecated in all versions of C [-Wstrict-prototypes]
   12 | extern void close_midi_device();
      |                              ^
      |                               void
In file included from src/midi/midi_dialog.c:44:
src/midi/midi_dialog.h:27:28: warning: a function declaration without a prototype is deprecated in all versions of C [-Wstrict-prototypes]
   27 | extern void midi_save_state();
      |                            ^
      |                             void
src/midi/midi_dialog.h:28:31: warning: a function declaration without a prototype is deprecated in all versions of C [-Wstrict-prototypes]
   28 | extern void midi_restore_state();
      |                               ^
      |                                void
src/midi/midi_dialog.c:134:23: warning: a function declaration without a prototype is deprecated in all versions of C [-Wstrict-prototypes]
  134 | static void load_store();
      |                       ^
      |                        void
src/midi/midi_dialog.c:282:29: warning: a function declaration without a prototype is deprecated in all versions of C [-Wstrict-prototypes]
  282 | static void find_current_cmd() {
      |                             ^
      |                              void
src/midi/midi_dialog.c:442:23: warning: a function declaration without a prototype is deprecated in all versions of C [-Wstrict-prototypes]
  442 | static void load_store() {
      |                       ^
      |                        void
src/midi/midi_dialog.c:966:21: warning: a function declaration without a prototype is deprecated in all versions of C [-Wstrict-prototypes]
  966 | void midi_save_state() {
      |                     ^
      |                      void
src/midi/midi_dialog.c:1043:24: warning: a function declaration without a prototype is deprecated in all versions of C [-Wstrict-prototypes]
 1043 | void midi_restore_state() {
      |                        ^
      |                         void
19 warnings generated.
In file included from src/proto/puresignal.c:25:
wdsp/wdsp.h:12:19: warning: a function declaration without a prototype is deprecated in all versions of C [-Wstrict-prototypes]
   12 | int GetWDSPVersion();
      |                   ^
      |                    void
wdsp/wdsp.h:367:24: warning: a function declaration without a prototype is deprecated in all versions of C [-Wstrict-prototypes]
  367 | char *wisdom_get_status();
      |                        ^
      |                         void
In file included from src/proto/puresignal.c:29:
src/core/filter.h:46:28: warning: a function declaration without a prototype is deprecated in all versions of C [-Wstrict-prototypes]
   46 | extern void filterSaveState();
      |                            ^
      |                             void
src/core/filter.h:47:31: warning: a function declaration without a prototype is deprecated in all versions of C [-Wstrict-prototypes]
   47 | extern void filterRestoreState();
      |                               ^
      |                                void
In file included from src/proto/puresignal.c:31:
src/core/band.h:107:28: warning: a function declaration without a prototype is deprecated in all versions of C [-Wstrict-prototypes]
  107 | extern int band_get_current();
      |                            ^
      |                             void
src/core/band.h:108:35: warning: a function declaration without a prototype is deprecated in all versions of C [-Wstrict-prototypes]
  108 | extern BAND *band_get_current_band();
      |                                   ^
      |                                    void
src/core/band.h:116:45: warning: a function declaration without a prototype is deprecated in all versions of C [-Wstrict-prototypes]
  116 | extern BANDSTACK_ENTRY *bandstack_entry_next();
      |                                             ^
      |                                              void
src/core/band.h:117:49: warning: a function declaration without a prototype is deprecated in all versions of C [-Wstrict-prototypes]
  117 | extern BANDSTACK_ENTRY *bandstack_entry_previous();
      |                                                 ^
      |                                                  void
src/core/band.h:118:52: warning: a function declaration without a prototype is deprecated in all versions of C [-Wstrict-prototypes]
  118 | extern BANDSTACK_ENTRY *bandstack_entry_get_current();
      |                                                    ^
      |                                                     void
src/core/band.h:120:26: warning: a function declaration without a prototype is deprecated in all versions of C [-Wstrict-prototypes]
  120 | extern void bandSaveState();
      |                          ^
      |                           void
src/core/band.h:121:29: warning: a function declaration without a prototype is deprecated in all versions of C [-Wstrict-prototypes]
  121 | extern void bandRestoreState();
      |                             ^
      |                              void
In file included from src/proto/puresignal.c:48:
src/proto/protocol1.h:23:27: warning: a function declaration without a prototype is deprecated in all versions of C [-Wstrict-prototypes]
   23 | extern void protocol1_stop();
      |                           ^
      |                            void
src/proto/protocol1.h:24:26: warning: a function declaration without a prototype is deprecated in all versions of C [-Wstrict-prototypes]
   24 | extern void protocol1_run();
      |                          ^
      |                           void
src/proto/protocol1.h:25:32: warning: a function declaration without a prototype is deprecated in all versions of C [-Wstrict-prototypes]
   25 | extern void protocol1_reconnect();
      |                                ^
      |                                 void
src/proto/protocol1.h:34:37: warning: a function declaration without a prototype is deprecated in all versions of C [-Wstrict-prototypes]
   34 | extern gboolean protocol1_is_running();
      |                                     ^
      |                                      void
In file included from src/proto/puresignal.c:49:
src/proto/protocol2.h:60:27: warning: a function declaration without a prototype is deprecated in all versions of C [-Wstrict-prototypes]
   60 | extern void protocol2_stop();
      |                           ^
      |                            void
src/proto/protocol2.h:61:26: warning: a function declaration without a prototype is deprecated in all versions of C [-Wstrict-prototypes]
   61 | extern void protocol2_run();
      |                          ^
      |                           void
src/proto/protocol2.h:62:32: warning: a function declaration without a prototype is deprecated in all versions of C [-Wstrict-prototypes]
   62 | extern void protocol2_reconnect();
      |                                ^
      |                                 void
src/proto/protocol2.h:65:36: warning: a function declaration without a prototype is deprecated in all versions of C [-Wstrict-prototypes]
   65 | extern void protocol2_high_priority();
      |                                    ^
      |                                     void
src/proto/protocol2.h:66:30: warning: a function declaration without a prototype is deprecated in all versions of C [-Wstrict-prototypes]
   66 | extern void protocol2_general();
      |                              ^
      |                               void
src/proto/protocol2.h:67:39: warning: a function declaration without a prototype is deprecated in all versions of C [-Wstrict-prototypes]
   67 | extern void protocol2_receive_specific();
      |                                       ^
      |                                        void
src/proto/protocol2.h:70:36: warning: a function declaration without a prototype is deprecated in all versions of C [-Wstrict-prototypes]
   70 | extern void protocol2_stop_wideband();
      |                                    ^
      |                                     void
src/proto/protocol2.h:72:33: warning: a function declaration without a prototype is deprecated in all versions of C [-Wstrict-prototypes]
   72 | extern void filter_board_changed();
      |                                 ^
      |                                  void
src/proto/protocol2.h:73:23: warning: a function declaration without a prototype is deprecated in all versions of C [-Wstrict-prototypes]
   73 | extern void pa_changed();
      |                       ^
      |                        void
src/proto/protocol2.h:74:26: warning: a function declaration without a prototype is deprecated in all versions of C [-Wstrict-prototypes]
   74 | extern void tuner_changed();
      |                          ^
      |                           void
src/proto/protocol2.h:75:23: warning: a function declaration without a prototype is deprecated in all versions of C [-Wstrict-prototypes]
   75 | extern void cw_changed();
      |                       ^
      |                        void
src/proto/protocol2.h:78:18: warning: a function declaration without a prototype is deprecated in all versions of C [-Wstrict-prototypes]
   78 | extern int getMox();
      |                  ^
      |                   void
src/proto/protocol2.h:80:19: warning: a function declaration without a prototype is deprecated in all versions of C [-Wstrict-prototypes]
   80 | extern int getTune();
      |                   ^
      |                    void
src/proto/protocol2.h:85:37: warning: a function declaration without a prototype is deprecated in all versions of C [-Wstrict-prototypes]
   85 | extern gboolean protocol2_is_running();
      |                                     ^
      |                                      void
In file included from src/proto/puresignal.c:50:
src/audio/audio.h:58:28: warning: a function declaration without a prototype is deprecated in all versions of C [-Wstrict-prototypes]
   58 | extern void audio_get_cards();
      |                            ^
      |                             void
In file included from src/proto/puresignal.c:54:
src/proto/rigctl.h:10:27: warning: a function declaration without a prototype is deprecated in all versions of C [-Wstrict-prototypes]
   10 | extern int   rigctlGetMode();
      |                           ^
      |                            void
src/proto/rigctl.h:12:30: warning: a function declaration without a prototype is deprecated in all versions of C [-Wstrict-prototypes]
   12 | extern char * rigctlGetFilter();
      |                              ^
      |                               void
32 warnings generated.
In file included from src/decode/ft8_encoder.c:39:
In file included from src/core/radio.h:34:
src/core/band.h:107:28: warning: a function declaration without a prototype is deprecated in all versions of C [-Wstrict-prototypes]
  107 | extern int band_get_current();
      |                            ^
      |                             void
src/core/band.h:108:35: warning: a function declaration without a prototype is deprecated in all versions of C [-Wstrict-prototypes]
  108 | extern BAND *band_get_current_band();
      |                                   ^
      |                                    void
src/core/band.h:116:45: warning: a function declaration without a prototype is deprecated in all versions of C [-Wstrict-prototypes]
  116 | extern BANDSTACK_ENTRY *bandstack_entry_next();
      |                                             ^
      |                                              void
src/core/band.h:117:49: warning: a function declaration without a prototype is deprecated in all versions of C [-Wstrict-prototypes]
  117 | extern BANDSTACK_ENTRY *bandstack_entry_previous();
      |                                                 ^
      |                                                  void
src/core/band.h:118:52: warning: a function declaration without a prototype is deprecated in all versions of C [-Wstrict-prototypes]
  118 | extern BANDSTACK_ENTRY *bandstack_entry_get_current();
      |                                                    ^
      |                                                     void
src/core/band.h:120:26: warning: a function declaration without a prototype is deprecated in all versions of C [-Wstrict-prototypes]
  120 | extern void bandSaveState();
      |                          ^
      |                           void
src/core/band.h:121:29: warning: a function declaration without a prototype is deprecated in all versions of C [-Wstrict-prototypes]
  121 | extern void bandRestoreState();
      |                             ^
      |                              void
7 warnings generated.
In file included from src/decode/ft8_qso.c:35:
In file included from src/core/radio.h:34:
src/core/band.h:107:28: warning: a function declaration without a prototype is deprecated in all versions of C [-Wstrict-prototypes]
  107 | extern int band_get_current();
      |                            ^
      |                             void
src/core/band.h:108:35: warning: a function declaration without a prototype is deprecated in all versions of C [-Wstrict-prototypes]
  108 | extern BAND *band_get_current_band();
      |                                   ^
      |                                    void
src/core/band.h:116:45: warning: a function declaration without a prototype is deprecated in all versions of C [-Wstrict-prototypes]
  116 | extern BANDSTACK_ENTRY *bandstack_entry_next();
      |                                             ^
      |                                              void
src/core/band.h:117:49: warning: a function declaration without a prototype is deprecated in all versions of C [-Wstrict-prototypes]
  117 | extern BANDSTACK_ENTRY *bandstack_entry_previous();
      |                                                 ^
      |                                                  void
src/core/band.h:118:52: warning: a function declaration without a prototype is deprecated in all versions of C [-Wstrict-prototypes]
  118 | extern BANDSTACK_ENTRY *bandstack_entry_get_current();
      |                                                    ^
      |                                                     void
src/core/band.h:120:26: warning: a function declaration without a prototype is deprecated in all versions of C [-Wstrict-prototypes]
  120 | extern void bandSaveState();
      |                          ^
      |                           void
src/core/band.h:121:29: warning: a function declaration without a prototype is deprecated in all versions of C [-Wstrict-prototypes]
  121 | extern void bandRestoreState();
      |                             ^
      |                              void
7 warnings generated.
In file included from src/decode/ft8_panel.c:29:
In file included from src/core/radio.h:34:
src/core/band.h:107:28: warning: a function declaration without a prototype is deprecated in all versions of C [-Wstrict-prototypes]
  107 | extern int band_get_current();
      |                            ^
      |                             void
src/core/band.h:108:35: warning: a function declaration without a prototype is deprecated in all versions of C [-Wstrict-prototypes]
  108 | extern BAND *band_get_current_band();
      |                                   ^
      |                                    void
src/core/band.h:116:45: warning: a function declaration without a prototype is deprecated in all versions of C [-Wstrict-prototypes]
  116 | extern BANDSTACK_ENTRY *bandstack_entry_next();
      |                                             ^
      |                                              void
src/core/band.h:117:49: warning: a function declaration without a prototype is deprecated in all versions of C [-Wstrict-prototypes]
  117 | extern BANDSTACK_ENTRY *bandstack_entry_previous();
      |                                                 ^
      |                                                  void
src/core/band.h:118:52: warning: a function declaration without a prototype is deprecated in all versions of C [-Wstrict-prototypes]
  118 | extern BANDSTACK_ENTRY *bandstack_entry_get_current();
      |                                                    ^
      |                                                     void
src/core/band.h:120:26: warning: a function declaration without a prototype is deprecated in all versions of C [-Wstrict-prototypes]
  120 | extern void bandSaveState();
      |                          ^
      |                           void
src/core/band.h:121:29: warning: a function declaration without a prototype is deprecated in all versions of C [-Wstrict-prototypes]
  121 | extern void bandRestoreState();
      |                             ^
      |                              void
7 warnings generated.
In file included from src/decode/ft8_dialog.c:30:
In file included from src/core/radio.h:34:
src/core/band.h:107:28: warning: a function declaration without a prototype is deprecated in all versions of C [-Wstrict-prototypes]
  107 | extern int band_get_current();
      |                            ^
      |                             void
src/core/band.h:108:35: warning: a function declaration without a prototype is deprecated in all versions of C [-Wstrict-prototypes]
  108 | extern BAND *band_get_current_band();
      |                                   ^
      |                                    void
src/core/band.h:116:45: warning: a function declaration without a prototype is deprecated in all versions of C [-Wstrict-prototypes]
  116 | extern BANDSTACK_ENTRY *bandstack_entry_next();
      |                                             ^
      |                                              void
src/core/band.h:117:49: warning: a function declaration without a prototype is deprecated in all versions of C [-Wstrict-prototypes]
  117 | extern BANDSTACK_ENTRY *bandstack_entry_previous();
      |                                                 ^
      |                                                  void
src/core/band.h:118:52: warning: a function declaration without a prototype is deprecated in all versions of C [-Wstrict-prototypes]
  118 | extern BANDSTACK_ENTRY *bandstack_entry_get_current();
      |                                                    ^
      |                                                     void
src/core/band.h:120:26: warning: a function declaration without a prototype is deprecated in all versions of C [-Wstrict-prototypes]
  120 | extern void bandSaveState();
      |                          ^
      |                           void
src/core/band.h:121:29: warning: a function declaration without a prototype is deprecated in all versions of C [-Wstrict-prototypes]
  121 | extern void bandRestoreState();
      |                             ^
      |                              void
7 warnings generated.
In file included from src/decode/ft8_udp.c:36:
In file included from src/core/radio.h:34:
src/core/band.h:107:28: warning: a function declaration without a prototype is deprecated in all versions of C [-Wstrict-prototypes]
  107 | extern int band_get_current();
      |                            ^
      |                             void
src/core/band.h:108:35: warning: a function declaration without a prototype is deprecated in all versions of C [-Wstrict-prototypes]
  108 | extern BAND *band_get_current_band();
      |                                   ^
      |                                    void
src/core/band.h:116:45: warning: a function declaration without a prototype is deprecated in all versions of C [-Wstrict-prototypes]
  116 | extern BANDSTACK_ENTRY *bandstack_entry_next();
      |                                             ^
      |                                              void
src/core/band.h:117:49: warning: a function declaration without a prototype is deprecated in all versions of C [-Wstrict-prototypes]
  117 | extern BANDSTACK_ENTRY *bandstack_entry_previous();
      |                                                 ^
      |                                                  void
src/core/band.h:118:52: warning: a function declaration without a prototype is deprecated in all versions of C [-Wstrict-prototypes]
  118 | extern BANDSTACK_ENTRY *bandstack_entry_get_current();
      |                                                    ^
      |                                                     void
src/core/band.h:120:26: warning: a function declaration without a prototype is deprecated in all versions of C [-Wstrict-prototypes]
  120 | extern void bandSaveState();
      |                          ^
      |                           void
src/core/band.h:121:29: warning: a function declaration without a prototype is deprecated in all versions of C [-Wstrict-prototypes]
  121 | extern void bandRestoreState();
      |                             ^
      |                              void
7 warnings generated.
In file included from src/decode/ft8_pskreporter.c:40:
In file included from src/core/radio.h:34:
src/core/band.h:107:28: warning: a function declaration without a prototype is deprecated in all versions of C [-Wstrict-prototypes]
  107 | extern int band_get_current();
      |                            ^
      |                             void
src/core/band.h:108:35: warning: a function declaration without a prototype is deprecated in all versions of C [-Wstrict-prototypes]
  108 | extern BAND *band_get_current_band();
      |                                   ^
      |                                    void
src/core/band.h:116:45: warning: a function declaration without a prototype is deprecated in all versions of C [-Wstrict-prototypes]
  116 | extern BANDSTACK_ENTRY *bandstack_entry_next();
      |                                             ^
      |                                              void
src/core/band.h:117:49: warning: a function declaration without a prototype is deprecated in all versions of C [-Wstrict-prototypes]
  117 | extern BANDSTACK_ENTRY *bandstack_entry_previous();
      |                                                 ^
      |                                                  void
src/core/band.h:118:52: warning: a function declaration without a prototype is deprecated in all versions of C [-Wstrict-prototypes]
  118 | extern BANDSTACK_ENTRY *bandstack_entry_get_current();
      |                                                    ^
      |                                                     void
src/core/band.h:120:26: warning: a function declaration without a prototype is deprecated in all versions of C [-Wstrict-prototypes]
  120 | extern void bandSaveState();
      |                          ^
      |                           void
src/core/band.h:121:29: warning: a function declaration without a prototype is deprecated in all versions of C [-Wstrict-prototypes]
  121 | extern void bandRestoreState();
      |                             ^
      |                              void
7 warnings generated.
In file included from src/decode/ft8_waterfall.c:31:
In file included from src/core/radio.h:34:
src/core/band.h:107:28: warning: a function declaration without a prototype is deprecated in all versions of C [-Wstrict-prototypes]
  107 | extern int band_get_current();
      |                            ^
      |                             void
src/core/band.h:108:35: warning: a function declaration without a prototype is deprecated in all versions of C [-Wstrict-prototypes]
  108 | extern BAND *band_get_current_band();
      |                                   ^
      |                                    void
src/core/band.h:116:45: warning: a function declaration without a prototype is deprecated in all versions of C [-Wstrict-prototypes]
  116 | extern BANDSTACK_ENTRY *bandstack_entry_next();
      |                                             ^
      |                                              void
src/core/band.h:117:49: warning: a function declaration without a prototype is deprecated in all versions of C [-Wstrict-prototypes]
  117 | extern BANDSTACK_ENTRY *bandstack_entry_previous();
      |                                                 ^
      |                                                  void
src/core/band.h:118:52: warning: a function declaration without a prototype is deprecated in all versions of C [-Wstrict-prototypes]
  118 | extern BANDSTACK_ENTRY *bandstack_entry_get_current();
      |                                                    ^
      |                                                     void
src/core/band.h:120:26: warning: a function declaration without a prototype is deprecated in all versions of C [-Wstrict-prototypes]
  120 | extern void bandSaveState();
      |                          ^
      |                           void
src/core/band.h:121:29: warning: a function declaration without a prototype is deprecated in all versions of C [-Wstrict-prototypes]
  121 | extern void bandRestoreState();
      |                             ^
      |                              void
7 warnings generated.
In file included from src/decode/sstv_encoder.c:32:
In file included from src/core/radio.h:34:
src/core/band.h:107:28: warning: a function declaration without a prototype is deprecated in all versions of C [-Wstrict-prototypes]
  107 | extern int band_get_current();
      |                            ^
      |                             void
src/core/band.h:108:35: warning: a function declaration without a prototype is deprecated in all versions of C [-Wstrict-prototypes]
  108 | extern BAND *band_get_current_band();
      |                                   ^
      |                                    void
src/core/band.h:116:45: warning: a function declaration without a prototype is deprecated in all versions of C [-Wstrict-prototypes]
  116 | extern BANDSTACK_ENTRY *bandstack_entry_next();
      |                                             ^
      |                                              void
src/core/band.h:117:49: warning: a function declaration without a prototype is deprecated in all versions of C [-Wstrict-prototypes]
  117 | extern BANDSTACK_ENTRY *bandstack_entry_previous();
      |                                                 ^
      |                                                  void
src/core/band.h:118:52: warning: a function declaration without a prototype is deprecated in all versions of C [-Wstrict-prototypes]
  118 | extern BANDSTACK_ENTRY *bandstack_entry_get_current();
      |                                                    ^
      |                                                     void
src/core/band.h:120:26: warning: a function declaration without a prototype is deprecated in all versions of C [-Wstrict-prototypes]
  120 | extern void bandSaveState();
      |                          ^
      |                           void
src/core/band.h:121:29: warning: a function declaration without a prototype is deprecated in all versions of C [-Wstrict-prototypes]
  121 | extern void bandRestoreState();
      |                             ^
      |                              void
7 warnings generated.
In file included from src/decode/wefax_panel.c:30:
In file included from src/core/radio.h:34:
src/core/band.h:107:28: warning: a function declaration without a prototype is deprecated in all versions of C [-Wstrict-prototypes]
  107 | extern int band_get_current();
      |                            ^
      |                             void
src/core/band.h:108:35: warning: a function declaration without a prototype is deprecated in all versions of C [-Wstrict-prototypes]
  108 | extern BAND *band_get_current_band();
      |                                   ^
      |                                    void
src/core/band.h:116:45: warning: a function declaration without a prototype is deprecated in all versions of C [-Wstrict-prototypes]
  116 | extern BANDSTACK_ENTRY *bandstack_entry_next();
      |                                             ^
      |                                              void
src/core/band.h:117:49: warning: a function declaration without a prototype is deprecated in all versions of C [-Wstrict-prototypes]
  117 | extern BANDSTACK_ENTRY *bandstack_entry_previous();
      |                                                 ^
      |                                                  void
src/core/band.h:118:52: warning: a function declaration without a prototype is deprecated in all versions of C [-Wstrict-prototypes]
  118 | extern BANDSTACK_ENTRY *bandstack_entry_get_current();
      |                                                    ^
      |                                                     void
src/core/band.h:120:26: warning: a function declaration without a prototype is deprecated in all versions of C [-Wstrict-prototypes]
  120 | extern void bandSaveState();
      |                          ^
      |                           void
src/core/band.h:121:29: warning: a function declaration without a prototype is deprecated in all versions of C [-Wstrict-prototypes]
  121 | extern void bandRestoreState();
      |                             ^
      |                              void
7 warnings generated.
In file included from src/decode/cw_panel.c:28:
In file included from src/core/radio.h:34:
src/core/band.h:107:28: warning: a function declaration without a prototype is deprecated in all versions of C [-Wstrict-prototypes]
  107 | extern int band_get_current();
      |                            ^
      |                             void
src/core/band.h:108:35: warning: a function declaration without a prototype is deprecated in all versions of C [-Wstrict-prototypes]
  108 | extern BAND *band_get_current_band();
      |                                   ^
      |                                    void
src/core/band.h:116:45: warning: a function declaration without a prototype is deprecated in all versions of C [-Wstrict-prototypes]
  116 | extern BANDSTACK_ENTRY *bandstack_entry_next();
      |                                             ^
      |                                              void
src/core/band.h:117:49: warning: a function declaration without a prototype is deprecated in all versions of C [-Wstrict-prototypes]
  117 | extern BANDSTACK_ENTRY *bandstack_entry_previous();
      |                                                 ^
      |                                                  void
src/core/band.h:118:52: warning: a function declaration without a prototype is deprecated in all versions of C [-Wstrict-prototypes]
  118 | extern BANDSTACK_ENTRY *bandstack_entry_get_current();
      |                                                    ^
      |                                                     void
src/core/band.h:120:26: warning: a function declaration without a prototype is deprecated in all versions of C [-Wstrict-prototypes]
  120 | extern void bandSaveState();
      |                          ^
      |                           void
src/core/band.h:121:29: warning: a function declaration without a prototype is deprecated in all versions of C [-Wstrict-prototypes]
  121 | extern void bandRestoreState();
      |                             ^
      |                              void
7 warnings generated.
In file included from src/decode/cw_encoder.c:33:
In file included from src/core/radio.h:34:
src/core/band.h:107:28: warning: a function declaration without a prototype is deprecated in all versions of C [-Wstrict-prototypes]
  107 | extern int band_get_current();
      |                            ^
      |                             void
src/core/band.h:108:35: warning: a function declaration without a prototype is deprecated in all versions of C [-Wstrict-prototypes]
  108 | extern BAND *band_get_current_band();
      |                                   ^
      |                                    void
src/core/band.h:116:45: warning: a function declaration without a prototype is deprecated in all versions of C [-Wstrict-prototypes]
  116 | extern BANDSTACK_ENTRY *bandstack_entry_next();
      |                                             ^
      |                                              void
src/core/band.h:117:49: warning: a function declaration without a prototype is deprecated in all versions of C [-Wstrict-prototypes]
  117 | extern BANDSTACK_ENTRY *bandstack_entry_previous();
      |                                                 ^
      |                                                  void
src/core/band.h:118:52: warning: a function declaration without a prototype is deprecated in all versions of C [-Wstrict-prototypes]
  118 | extern BANDSTACK_ENTRY *bandstack_entry_get_current();
      |                                                    ^
      |                                                     void
src/core/band.h:120:26: warning: a function declaration without a prototype is deprecated in all versions of C [-Wstrict-prototypes]
  120 | extern void bandSaveState();
      |                          ^
      |                           void
src/core/band.h:121:29: warning: a function declaration without a prototype is deprecated in all versions of C [-Wstrict-prototypes]
  121 | extern void bandRestoreState();
      |                             ^
      |                              void
7 warnings generated.
In file included from src/decode/cw_keyer.c:30:
In file included from src/core/radio.h:34:
src/core/band.h:107:28: warning: a function declaration without a prototype is deprecated in all versions of C [-Wstrict-prototypes]
  107 | extern int band_get_current();
      |                            ^
      |                             void
src/core/band.h:108:35: warning: a function declaration without a prototype is deprecated in all versions of C [-Wstrict-prototypes]
  108 | extern BAND *band_get_current_band();
      |                                   ^
      |                                    void
src/core/band.h:116:45: warning: a function declaration without a prototype is deprecated in all versions of C [-Wstrict-prototypes]
  116 | extern BANDSTACK_ENTRY *bandstack_entry_next();
      |                                             ^
      |                                              void
src/core/band.h:117:49: warning: a function declaration without a prototype is deprecated in all versions of C [-Wstrict-prototypes]
  117 | extern BANDSTACK_ENTRY *bandstack_entry_previous();
      |                                                 ^
      |                                                  void
src/core/band.h:118:52: warning: a function declaration without a prototype is deprecated in all versions of C [-Wstrict-prototypes]
  118 | extern BANDSTACK_ENTRY *bandstack_entry_get_current();
      |                                                    ^
      |                                                     void
src/core/band.h:120:26: warning: a function declaration without a prototype is deprecated in all versions of C [-Wstrict-prototypes]
  120 | extern void bandSaveState();
      |                          ^
      |                           void
src/core/band.h:121:29: warning: a function declaration without a prototype is deprecated in all versions of C [-Wstrict-prototypes]
  121 | extern void bandRestoreState();
      |                             ^
      |                              void
In file included from src/decode/cw_keyer.c:32:
src/proto/protocol1.h:23:27: warning: a function declaration without a prototype is deprecated in all versions of C [-Wstrict-prototypes]
   23 | extern void protocol1_stop();
      |                           ^
      |                            void
src/proto/protocol1.h:24:26: warning: a function declaration without a prototype is deprecated in all versions of C [-Wstrict-prototypes]
   24 | extern void protocol1_run();
      |                          ^
      |                           void
src/proto/protocol1.h:25:32: warning: a function declaration without a prototype is deprecated in all versions of C [-Wstrict-prototypes]
   25 | extern void protocol1_reconnect();
      |                                ^
      |                                 void
src/proto/protocol1.h:34:37: warning: a function declaration without a prototype is deprecated in all versions of C [-Wstrict-prototypes]
   34 | extern gboolean protocol1_is_running();
      |                                     ^
      |                                      void
11 warnings generated.
